pdb, epitope
1a0q, 159304
1a14, 77486
1a1m, 65812
1a1n, 110738
1a1o, 32738
1a2y, 136796
1a3l, 161740
1a3r, 69178
1a4k, 180350
1a6a, 38564
1a8j, 164026
1a9b, 78730
1a9e, 78730
1acy, 161500
1adq, 135616
1afv, 150815
1agb, 183371
1agc, 183364
1agd, 183363
1age, 183365
1agf, 183366
1ahw, 77282
1ai1, 150816
1aj7, 161573
1akj, 27125
1ao7, 37257
1aqd, 68791
1ar1, 139651
1axs, 161572
1b0g, 2999
1b0r, 20351
1baf, 158631
1bd2, 37257
1bfv, 159254
1bgx, 77382
1bii, 53935
1bj1, 122246
1bog, 162291
1bql, 136908
1bvk, 136909
1bz9, 96278
1bzq, 77277
1c08, 77450
1c12, 164036
1c1e, 161570
1c5c, 161568
1cbv, 189520
1ce1, 107874
1ce6, 15248
1cfn, 162292
1cfs, 162333
1cft, 162142
1cfv, 159250
1cic, 149232
1cly, 167701
1clz, 167701
1ct8, 161571
1cu4, 32776
1cz8, 226962
1d5m, 94970
1d5x, 94973
1d5z, 94971
1d6e, 94972
1d6v, 161572
1d9k, 83218
1dbb, 116051
1dbj, 116051
1dbj, 174330
1dbk, 116051
1dbk, 159249
1dbm, 116051
1dbm, 174331
1ddh, 53935
1dl7, 122665
1dlh, 48237
1dqj, 151540
1duy, 35844
1duz, 37257
1dvf, 151776
1dzb, 177401
1e27, 180337
1e28, 102104
1e4w, 108202
1e4x, 108202
1e6j, 164082
1eap, 159304
1ed3, 95097
1eey, 95099
1eez, 95098
1efx, 141649
1egj, 77246
1ehl, 189521
1ejo, 79128
1eo8, 103766
1es0, 73674
1etz, 161503
1ezv, 77409
1f3d, 161569
1f3j, 3138
1f3r, 130336
1f4x, 567328
1f4y, 133965
1f58, 163954
1f90, 144385
1fbi, 77408
1fdl, 135870
1fe8, 131327
1ffn, 30015
1ffo, 508
1ffp, 57044
1fg2, 30001
1fig, 180351
1fj1, 190616
1fl3, 161164
1fl6, 161567
1flr, 137337
1fne, 20607
1fng, 20608
1fns, 177399
1fo0, 78685
1fpt, 9524
1frg, 10692
1fsk, 77350
1fv1, 45514
1fyt, 48237
1fzj, 54039
1fzk, 15248
1fzm, 54039
1fzo, 15248
1g6r, 58773
1g6v, 241578
1g7h, 137588
1g7i, 137588
1g7j, 137588
1g7l, 137588
1g7m, 137588
1g7p, 96918
1g7q, 98995
1g9m, 164077
1g9n, 164069
1gaf, 161573
1gc1, 164074
1ggi, 149350
1gzp, 153505
1gzq, 153506
1h0d, 77533
1h15, 63843
1h8s, 115008
1hh6, 161560
1hh9, 161561
1hhg, 65108
1hhh, 16833
1hhi, 20354
1hhj, 27125
1hhk, 37257
1hi6, 162056
1him, 73601
1hoc, 4602
1hqr, 68846
1hsa, 96109
1hsb, 188063
1hxy, 48237
1hys, 150955
1i1f, 183203
1i1y, 186569
1i3r, 20608
1i3u, 161739
1i4f, 95091
1i7r, 95375
1i7t, 95241
1i7u, 95240
1i7z, 158626
1i8i, 106376
1i8k, 106376
1i8m, 189019
1i9j, 135865
1i9r, 77425
1iai, 164108
1iak, 61570
1iao, 28676
1ibg, 161502
1ic4, 140140
1ic5, 140140
1ic7, 140140
1iea, 20608
1ieb, 54956
1ifh, 10691
1igj, 122964
1ikf, 451241
1im3, 37257
1im9, 94909
1ind, 161574
1ine, 161574
1inq, 97661
1iqd, 115021
1j1o, 139432
1j1p, 139432
1j1x, 139432
1j5o, 164095
1j8h, 48237
1jf1, 12941
1jgd, 94918
1jge, 96334
1jgl, 136018
1jgu, 180304
1jhl, 136912
1jht, 98690
1jk8, 58388
1jl4, 83218
1jnh, 159253
1jnn, 136018
1jp5, 187182
1jpf, 58282
1jpg, 17516
1jps, 177383
1jrh, 77477
1jto, 137589
1jtp, 137590
1jtt, 137589
1juf, 97660
1jwm, 48237
1jws, 48237
1jwu, 48237
1k2d, 60668
1k4c, 142362
1k4d, 142362
1k5n, 96334
1k8d, 27201
1kb5, 114710
1kb9, 128165
1kbg, 97602
1kc5, 24591
1kcr, 24591
1kcs, 24591
1keg, 188623
1kel, 161567
1ken, 225980
1kfa, 158628
1kip, 133470
1kiq, 133470
1kir, 133471
1kj2, 34055
1kj3, 34055
1kjm, 96105
1kjv, 96699
1klg, 79835
1klu, 79836
1kn2, 161566
1kn4, 161565
1kno, 161504
1kpr, 95972
1kt2, 712
1ktd, 710
1ktl, 99051
1ktr, 23988
1kxq, 164104
1kxt, 164103
1kxv, 164105
1kyo, 139652
1ld9, 75373
1ldp, 97206
1ldp, 97581
1leg, 100016
1lek, 100016
1lk2, 94833
1lk3, 122245
1lnu, 15489
1lo0, 164056
1lo2, 164057
1lo3, 164058
1lo5, 48237
1lp9, 2999
1m05, 16878
1m6o, 95009
1m7d, 125615
1m7i, 125614
1mcb, 236376
1mcc, 236377
1mcd, 236378
1mce, 236379
1mcf, 236380
1mch, 236380
1mci, 236381
1mcj, 236382
1mck, 236383
1mcl, 236384
1mcn, 236385
1mcq, 236386
1mcr, 236387
1mcs, 236376
1mel, 146696
1mfa, 127517
1mfb, 135611
1mfc, 135509
1mfd, 127517
1mfe, 127517
1mh5, 161737
1mhc, 97512
1mhe, 95972
1mhp, 102278
1mi5, 16878
1mj7, 161737
1mjj, 161737
1mlc, 77451
1mrd, 158625
1mre, 158624
1mrf, 158627
1muj, 38564
1mvf, 225981
1mwa, 100016
1n0x, 591459
1n2r, 95009
1n3n, 56874
1n59, 30015
1n5a, 30015
1n5y, 150096
1n64, 51147
1n6q, 150096
1n7m, 164034
1n8z, 77264
1nak, 162761
1nam, 54039
1nan, 78685
1nby, 161197
1nbz, 161197
1nc2, 164031
1nc4, 164032
1nca, 177387
1ncb, 177387
1ncc, 177387
1ncd, 177390
1ncw, 161738
1nd0, 161738
1ndg, 146698
1ndm, 146697
1nfd, 175435
1nfd, 175675
1ngp, 158629
1ngw, 164034
1ngx, 164033
1nl0, 77263
1nma, 418925
1nmb, 77552
1nmc, 177388
1nsn, 77490
1oak, 132127
1oar, 116192
1oau, 112741
1oax, 116186
1oay, 116184
1oaz, 109326
1ob1, 122063
1of2, 55635
1oga, 20354
1ogt, 55635
1onq, 140091
1op9, 146703
1orq, 149190
1ors, 149189
1osp, 189939
1osz, 54027
1ots, 149231
1ott, 149231
1otu, 149231
1p1z, 58560
1p2c, 137489
1p4b, 74117
1p4l, 58560
1p7k, 190604
1p7q, 27125
1p84, 128165
1pg7, 158572
1pkq, 116228
1pyw, 136250
1pz5, 41290
1q0y, 116646
1q1j, 149350
1q72, 158626
1q94, 1913
1q9w, 140092
1qd0, 180940
1qfu, 103765
1qfu, 77323
1qfw, 114098
1qfw, 175438
1qgc, 66892
1qkz, 3298
1qle, 177385
1qlf, 15255
1qnz, 161563
1qo3, 53935
1qqd, 94909
1qr1, 26666
1qrn, 37253
1qse, 37254
1qsf, 37255
1qvo, 52760
1qyg, 158630
1r0a, 150954
1r3i, 142361
1r3j, 142361
1r3k, 142361
1r3l, 142361
1r5i, 48237
1r5v, 79746
1r5w, 79745
1ri8, 140632
1rjc, 140631
1rjl, 77380
1rjy, 61086
1rjz, 57471
1rk0, 61086
1rk1, 57471
1rvf, 116658
1rzj, 164075
1rzk, 164069
1s3k, 130644
1s5h, 142365
1s78, 114178
1s7q, 30015
1s7r, 30020
1s7s, 29889
1s7t, 29975
1s7u, 30015
1s7v, 30020
1s7w, 29889
1s7x, 29975
1s8d, 180153
1s9v, 38944
1s9w, 59278
1s9x, 59276
1s9y, 59282
1seb, 2
1sje, 47452
1sjh, 47451
1sm3, 117232
1sq2, 77449
1svz, 187181
1sy6, 122064
1sys, 95010
1syv, 95009
1t03, 150096
1t0m, 61086
1t0n, 61086
1t1w, 189277
1t1x, 189280
1t1y, 189296
1t1z, 189203
1t20, 189288
1t21, 59613
1t22, 59613
1t2q, 158636
1t5w, 135438
1t5x, 135438
1t66, 137337
1t6v, 77449
1tet, 68401
1tjg, 149298
1tjh, 150371
1tji, 150180
1tmc, 14628
1tpx, 32990
1tqb, 32990
1tqc, 32990
1tvb, 28864
1tvh, 27469
1tzg, 146625
1tzh, 131326
1tzi, 131325
1u3h, 89042
1u8h, 149254
1u8i, 149297
1u8j, 149296
1u8l, 149298
1u8m, 149298
1u8n, 149298
1u8o, 149298
1u8p, 149298
1u8q, 149301
1u91, 149298
1u92, 149298
1u93, 149298
1u95, 149295
1ua6, 140436
1uac, 140437
1uj3, 77281
1uqs, 140530
1uvq, 42218
1uwg, 179936
1uwx, 23876
1uxs, 55734
1uxw, 55734
1uz8, 130654
1v7m, 127518
1v7n, 127518
1vac, 58560
1vad, 96918
1vfb, 136910
1vgk, 62747
1vpo, 135865
1w0v, 98989
1w0w, 98989
1w72, 11010
1w72, 163082
1w72, 164093
1wbx, 60493
1wby, 61151
1wbz, 61497
1wc7, 140625
1wcb, 225977
1wej, 77413
1wz1, 161735
1x7q, 33667
1x9q, 137337
1xcq, 61793
1xct, 61793
1xf2, 189520
1xf5, 61793
1xgp, 143263
1xgq, 143263
1xgr, 143263
1xgt, 143263
1xgu, 143263
1xgy, 103643
1xh3, 38421
1xiw, 77461
1xr8, 35533
1xr9, 27079
1xz0, 161171
1y0l, 161736
1y18, 161736
1ydp, 54162
1yec, 161575
1yed, 161575
1yee, 161575
1yef, 164147
1yeg, 164148
1yei, 164035
1yej, 164037
1yek, 161303
1yjd, 158643
1ymm, 13572
1yn6, 61151
1yn7, 61150
1ynk, 161734
1ynl, 161732
1ynt, 77491
1yqv, 140633
1yuh, 161163
1yy9, 116659
1yyl, 164068
1yym, 164068
1z3g, 77363
1z5l, 159251
1za3, 132769
1zea, 70320
1zgl, 68846
1zhb, 78692
1zhk, 38458
1zhl, 38458
1zhn, 164030
1zls, 189309
1zlu, 189310
1zlv, 189312
1zmy, 161175
1zsd, 13701
1zt1, 15483
1zt4, 130694
1zt7, 57429
1ztx, 77000
1zv5, 145019
1zvh, 145023
1zvs, 66760
1zvy, 145026
1zwi, 146704
25c8, 159303
2a0l, 146711
2a6d, 126948
2a6i, 126422
2a6k, 127086
2a83, 126988
2a9n, 149543
2adf, 417988
2aep, 77335
2aeq, 77335
2ajs, 161055
2ajv, 158626
2ajx, 161057
2ajy, 161060
2ajz, 161060
2ak1, 139965
2ak4, 38458
2akr, 139419
2ap2, 79115
2arj, 146712
2atk, 146704
2av1, 37257
2av7, 37257
2axf, 3732
2axg, 3732
2b0s, 162763
2b1a, 163040
2b1h, 163039
2b2x, 164090
2b4c, 164098
2bck, 99851
2bdn, 134284
2bfv, 159254
2bjm, 116188
2bmk, 225976
2bnq, 59283
2bnr, 59278
2bob, 226416
2boc, 226416
2brr, 25118
2bse, 153792
2bsr, 55620
2bss, 33250
2bst, 60867
2bvo, 29804
2bvp, 28657
2bvq, 187159
2c1p, 164029
2c7u, 189277
2cgr, 161503
2cii, 46682
2cik, 95513
2cju, 164060
2ckb, 100016
2clr, 96646
2clv, 97657
2clz, 78685
2cmr, 164081
2d03, 158636
2d31, 54162
2dbl, 116051
2dbl, 153189
2dd8, 77444
2ddq, 119072
2dqc, 158562
2dqd, 158562
2dqe, 158562
2dqf, 158562
2dqg, 158562
2dqh, 158562
2dqi, 158562
2dqj, 158562
2dqt, 161571
2dqu, 161571
2dtg, 134841
2dtg, 177400
2dwd, 226416
2dwe, 226416
2dyp, 54162
2e27, 1087431
2e7l, 97581
2eh8, 45932
2eiz, 145024
2eks, 145025
2esv, 69921
2exw, 149231
2exy, 149231
2ez0, 149231
2f53, 59278
2f54, 59278
2f58, 163954
2f5b, 149298
2f74, 30015
2fd6, 131808
2fec, 149230
2fed, 149230
2fee, 149230
2fik, 143240
2fjg, 161310
2fjh, 161308
2fl5, 161730
2fo4, 94923
2fr4, 189017
2fse, 20211
2fwo, 67436
2fx7, 164136
2fx8, 164136
2fx9, 164136
2fyy, 24536
2fz3, 24536
2g2r, 164028
2g5b, 106720
2g9h, 48237
2gaz, 137587
2ghw, 77442
2git, 130542
2gj6, 130542
2gsi, 186712
2gt9, 10987
2gtw, 99827
2gtz, 98690
2guo, 155
2h1p, 21090
2h26, 418774
2h2p, 149587
2h2s, 149587
2h6p, 95513
2h8p, 142365
2h9g, 161760
2hfe, 142365
2hfg, 162096
2hg5, 142365
2hh0, 64031
2hjf, 226416
2hjk, 187163
2hjl, 187158
2hkf, 103372
2hmi, 150793
2hn7, 2024
2hrp, 149384
2htl, 149231
2hvj, 226416
2hvk, 226416
2i25, 180306
2i26, 180307
2i5y, 164067
2i60, 164067
2i9l, 566741
2iad, 23568
2iam, 79835
2ian, 79836
2ibz, 139652
2icw, 48237
2iff, 136913
2igf, 108357
2ih1, 142363
2ih3, 142363
2ipk, 134181
2ipu, 99921
2itc, 142361
2itd, 142361
2j4w, 77741
2j5l, 77742
2j6e, 114711
2j88, 77406
2j8u, 2999
2jb5, 161745
2jb6, 161745
2jcc, 2999
2jel, 225196
2jix, 144839
2jk5, 226416
2kh2, 142369
2ltq, 180942
2mha, 54039
2mpa, 117238
2nlj, 142361
2nna, 58010
2nr6, 98668
2ntf, 161189
2nw3, 13701
2nx5, 13701
2nxy, 174342
2nxz, 174342
2ny0, 174342
2ny1, 174342
2ny2, 174342
2ny3, 174342
2ny4, 174342
2ny5, 174342
2ny6, 174342
2ny7, 174343
2nyy, 102990
2nz9, 102990
2o5y, 116051
2o5z, 159249
2oi9, 97581
2oje, 48237
2ok0, 191037
2ol3, 97657
2oqj, 158580
2or9, 103147
2osl, 120829
2otu, 180107
2otw, 180107
2oz4, 149183
2p24, 916979
2p42, 143262
2p43, 143262
2p44, 143262
2p45, 143262
2p46, 143262
2p47, 143262
2p48, 143262
2p49, 145017
2p4a, 145018
2p5e, 59278
2p5w, 59278
2p8l, 158950
2p8m, 158950
2p8p, 158950
2pcp, 180852
2po6, 130694
2pw1, 149300
2pw2, 149299
2pxy, 94915
2pye, 59278
2q6w, 5695
2q7y, 159252
2q8a, 187600
2q8b, 187600
2qad, 164070
2qhr, 68320
2qqk, 143277
2qql, 143277
2qqn, 143276
2qr0, 146729
2qri, 58560
2qrs, 58560
2qrt, 58560
2qsc, 146524
2r0k, 161758
2r0l, 161759
2r0w, 99921
2r0z, 107084
2r1w, 130650
2r1x, 130650
2r1y, 130650
2r23, 135607
2r29, 132955
2r2b, 150901
2r2e, 130650
2r2h, 135609
2r4r, 142366
2r4s, 142366
2r56, 151535
2r69, 132955
2rfx, 98894
2seb, 53007
2uud, 164060
2uwe, 2999
2uzi, 158564
2v17, 108155
2v2w, 59613
2v2x, 131070
2vaa, 54039
2vab, 15248
2vc2, 149187
2vdk, 149187
2vdk, 96042
2vdl, 149187
2vdm, 149187
2vdn, 149187
2vdp, 149187
2vdq, 149187
2vdr, 149187
2ve6, 79818
2vh5, 145028
2vir, 104697
2vir, 548909
2vis, 104697
2vit, 104697
2vlj, 20354
2vlk, 20354
2vll, 20354
2vlr, 20354
2vwe, 151086
2vxq, 151551
2vxs, 540307
2vxt, 164097
2vyr, 159268
2w0f, 226416
2w65, 134989
2w9e, 144836
2wbj, 115706
2wub, 189524
2wuc, 189524
2wzp, 144860
2x4n, 189237
2x4o, 32201
2x4p, 189251
2x4q, 189251
2x4r, 44920
2x4s, 3078
2x4t, 1397384
2x4u, 27125
2x6m, 180349
2x70, 189237
2x7l, 159265
2x89, 181073
2xfx, 68823
2xpg, 117959
2xqb, 159266
2xqy, 150956
2xra, 164080
2xtj, 161176
2xwt, 161754
2xzc, 226914
2y5t, 136303
2y6s, 162327
2ybr, 149182
2yc1, 149182
2yez, 419384
2ypk, 29804
2ypl, 29804
2ypv, 180945
2yss, 145021
2z31, 94915
2z8v, 174351
2z8w, 174350
2z92, 140941
2z93, 164027
2zch, 159263
2zck, 159263
2zcl, 159263
2zjs, 145029
2znw, 224572
2znx, 224572
2zok, 80100
2zol, 80099
2zpk, 103496
2zsv, 99840
2zsw, 99841
2zuq, 142368
35c8, 159303
3a67, 145020
3a6b, 145020
3a6c, 145022
3ab0, 225663
3arb, 141799
3ard, 164048
3are, 164049
3arf, 158634
3arg, 164047
3au1, 139967
3b2u, 158645
3b2v, 158645
3b3i, 108103
3b6s, 108103
3b9k, 143278
3bae, 99923
3bd3, 161731
3bd4, 161731
3bd5, 161731
3bdy, 158644
3be1, 158642
3bev, 20113
3bew, 53656
3bgf, 144838
3bgm, 99844
3bh8, 99843
3bh9, 99845
3bhb, 99826
3bkj, 7491
3bky, 116085
3bn9, 150790
3bo8, 11010
3bp4, 150802
3bp7, 150802
3bpc, 130650
3bqu, 151729
3bsz, 149184
3bt2, 161753
3buy, 39494
3bvn, 55734
3bw9, 6849
3bwa, 17423
3bxn, 150802
3bz4, 135809
3bze, 99045
3bzf, 99044
3c09, 149181
3c2a, 146401
3c5j, 94907
3c5z, 15489
3c60, 15489
3c6l, 15489
3c6s, 135806
3c8k, 58560
3c9n, 70629
3cc5, 96518
3cch, 157197
3cdg, 99045
3cfb, 161164
3cfd, 161164
3cfi, 98658
3ch1, 157194
3cii, 99045
3cpl, 4564
3csy, 530633
3cup, 102615
3cvh, 163024
3cvh, 164072
3cx5, 128165
3cxd, 106947
3cxh, 128165
3czf, 126988
3d0l, 158950
3d0v, 158950
3d25, 136896
3d39, 186691
3d3v, 186691
3d85, 175437
3d9a, 139432
3dbx, 141181
3det, 149231
3dmm, 53935
3dro, 158950
3drq, 158950
3drt, 146417
3dsf, 106946
3dtx, 838384
3dvg, 152239
3dvn, 152238
3dx6, 11804
3dx7, 11804
3dx8, 11804
3dxa, 11804
3e2h, 97581
3e3q, 97581
3e6f, 188249
3e6h, 188253
3e8u, 144979
3eba, 180308
3ecb, 53935
3efd, 149580
3eff, 149588
3egs, 146417
3ehb, 142360
3ejy, 149231
3ejz, 149231
3eo1, 151775
3eoa, 158566
3eob, 158566
3ery, 97581
3etb, 566946
3eyf, 14435
3eys, 107109
3eyu, 107228
3eyv, 149561
3ezj, 144840
3f58, 163954
3f5w, 142361
3f7v, 142361
3f7y, 142361
3fb5, 142361
3fb6, 142361
3fb7, 226416
3fct, 164034
3ffc, 16878
3ffd, 224588
3fku, 229014
3fmg, 151560
3fn0, 146624
3fo0, 161742
3fo1, 161742
3fo2, 161742
3fo9, 161746
3fol, 135864
3fom, 135854
3fon, 135863
3fqn, 153906
3fqr, 153905
3fqt, 153833
3fqu, 153832
3fqw, 153883
3fqx, 153882
3ft2, 150811
3ft3, 136896
3ft4, 138924
3ftg, 4304
3g04, 149186
3g08, 141799
3g5v, 151813
3g5y, 151813
3g6d, 177402
3g6j, 143282
3g9a, 189930
3gb7, 226416
3gbm, 226310
3gbn, 226309
3ggw, 144820
3ghb, 162656
3ghe, 146524
3gi8, 177576
3gi9, 177575
3giv, 127083
3gjf, 164083
3gjf, 59283
3gkz, 178090
3gm0, 178091
3gml, 164039
3gmm, 164040
3gmn, 164042
3gmo, 164041
3gmp, 159251
3gmr, 164040
3go1, 162762
3grw, 158569
3gsn, 44920
3gso, 44920
3gsq, 135859
3gsr, 135861
3gsu, 135860
3gsv, 135858
3gsw, 135856
3gsx, 135857
3h0t, 149581
3h3b, 181051
3h3p, 150836
3h42, 158648
3h7b, 42094
3h9h, 42094
3h9s, 42094
3hae, 164084
3hae, 59283
3hb3, 142360
3hcv, 838384
3he6, 130694
3he7, 130694
3hfm, 135871
3hg1, 12941
3hi1, 164071
3hi6, 148536
3hmx, 434444
3hns, 139969
3hnt, 139970
3hnv, 139971
3hpj, 54882
3hpl, 226416
3hr5, 151731
3huj, 130694
3hzk, 130659
3hzm, 130650
3hzv, 130657
3hzy, 150901
3i02, 150901
3i50, 144834
3i6g, 21041
3i6k, 64710
3i6l, 50779
3i9g, 161059
3idg, 149255
3idi, 149256
3idj, 149298
3idm, 149298
3idn, 149298
3idx, 164073
3idy, 164073
3iet, 162152
3if1, 141584
3ifl, 105163
3ifn, 105163
3ifo, 105163
3ifp, 105163
3iga, 226416
3ijh, 135609
3ijs, 150908
3ijy, 130658
3ikc, 130658
3ilp, 143244
3ilq, 143243
3iu3, 145027
3ixa, 37257
3ixt, 139186
3ixx, 144834
3ixx, 144859
3ixy, 144833
3ixy, 144834
3iyw, 158571
3j1s, 173907
3j42, 188626
3j5m, 192193
3j69, 226305
3j6a, 226304
3j70, 434677
3jab, 422872
3jau, 517766
3jba, 450396
3jbc, 497082
3jbd, 497080
3jbe, 497084
3jbf, 497081
3jbg, 497083
3jcb, 693629
3jcx, 557995
3jts, 22314
3jtt, 76175
3jvg, 158632
3jwd, 164076
3jwo, 164076
3k1k, 189929
3k2m, 158563
3k2u, 189524
3k3q, 243858
3k74, 190615
3k7u, 161755
3k80, 161756
3k81, 161757
3kdm, 135865
3kj4, 158647
3kj6, 142366
3kla, 157972
3klh, 164096
3kpl, 142137
3kpm, 156273
3kpn, 142137
3kpo, 156273
3kpp, 142137
3kpq, 156273
3kpr, 156273
3kps, 142137
3kr3, 158646
3ks0, 180313
3kww, 38458
3kxf, 38458
3kyn, 31037
3kyo, 142816
3l3d, 134905
3l3g, 134907
3l3h, 135302
3l3i, 134908
3l3j, 134904
3l3k, 134906
3l5w, 149191
3l5x, 149191
3l6f, 157099
3l95, 149192
3l9r, 164038
3l9r, 418771
3ld8, 189525
3ldb, 189525
3lev, 162870
3lex, 162870
3ley, 162870
3lh2, 164102
3lhp, 164101
3liz, 143264
3liz, 243759
3lkn, 38472
3lko, 38468
3lkp, 38467
3lkq, 97466
3lkr, 116136
3lks, 38471
3ln4, 146144
3ln5, 146305
3lqa, 164091
3lqa, 164094
3lqz, 135748
3lrh, 538828
3ls4, 224552
3lv3, 152130
3lzf, 164527
3ma7, 161169
3ma9, 164079
3mac, 164078
3mbe, 149320
3mgo, 135263
3mgt, 32268
3mj9, 159267
3mlr, 163621
3mls, 161787
3mlt, 163688
3mlu, 163689
3mlv, 163244
3mlw, 162762
3mlx, 162762
3mly, 163431
3mlz, 163687
3mnw, 174251
3mnz, 174251
3moa, 174184
3mob, 174184
3mod, 174184
3mr9, 834063
3mrb, 834064
3mrc, 240105
3mrd, 133256
3mre, 20788
3mrg, 6435
3mrh, 95281
3mri, 832584
3mrj, 832583
3mrk, 834121
3mrl, 239509
3mrm, 32208
3mrn, 37286
3mro, 138368
3mrp, 832625
3mrr, 138486
3mv7, 24536
3mv8, 24536
3mv9, 24536
3mxw, 158567
3myj, 158523
3n85, 159262
3ncy, 158570
3nfn, 56620
3nfp, 159264
3ngb, 164099
3nh7, 153562
3nid, 149187
3nif, 149187
3nig, 149187
3nps, 593798
3nwm, 102926
3o0r, 158649
3o2d, 164092
3o3a, 164061
3o3b, 164062
3o3d, 164063
3o3e, 164064
3o41, 156903
3o45, 156903
3o4l, 20788
3o6f, 161181
3o6l, 163073
3o6m, 163073
3o8x, 143240
3o9w, 143243
3oau, 143632
3oay, 164059
3oaz, 164065
3ob0, 164066
3ogc, 226417
3ogo, 158568
3okd, 130650
3oke, 135609
3okk, 130659
3okl, 130658
3okn, 150901
3oko, 130657
3opz, 176793
3or6, 142362
3or7, 142362
3ov6, 164043
3ox8, 16833
3oxr, 16833
3oxs, 16833
3p0g, 149188
3p30, 164100
3p4m, 76205
3p4n, 76204
3p4o, 75945
3p73, 159248
3p77, 159256
3p9l, 58560
3p9m, 159093
3p9w, 181168
3pab, 158737
3pdo, 108505
3pgc, 105266
3pgd, 105266
3pgf, 149210
3pho, 150760
3phq, 130650
3phq, 150760
3pjs, 178115
3pl6, 13572
3pnw, 179940
3pp4, 161083
3pqy, 61151
3pwj, 158964
3pwl, 36357
3pwn, 158963
3pwp, 36357
3pwu, 27800
3pwv, 27800
3q1s, 146624
3q3g, 181068
3qa3, 181068
3qcu, 158638
3qcv, 158639
3qdg, 12941
3qdj, 155
3qdm, 12941
3qeq, 155
3qfd, 155
3qfj, 184429
3qg6, 156553
3qi9, 153506
3qib, 3265
3qiu, 3265
3qiw, 3261
3qiw, 3265
3qnz, 606165
3qo0, 606192
3qq3, 164134
3qq4, 4862
3qsk, 145018
3quk, 29967
3qul, 29988
3qum, 188624
3qum, 188625
3qux, 141800
3quy, 187237
3quz, 187236
3qwo, 139186
3qwo, 164085
3qxa, 180137
3qxd, 180137
3qzw, 56620
3r08, 190189
3r1g, 149215
3ra7, 180303
3rdt, 15489
3rew, 6568
3rgv, 696969
3rhw, 159270
3ri5, 159270
3ria, 159270
3rif, 159270
3rkd, 227878
3rl1, 1913
3rl2, 52760
3rol, 167727
3roo, 5628
3rtq, 181050
3ru8, 180305
3rug, 164047
3rvv, 174338
3rvw, 174340
3rvx, 174340
3rwc, 28419
3rwd, 28420
3rwe, 17552
3rwf, 52627
3rwg, 41672
3rwh, 42466
3rwi, 24198
3rwj, 22366
3rzc, 191036
3s35, 189522
3s36, 189523
3s37, 189523
3s88, 164107
3scm, 191036
3sda, 189020
3sdc, 189021
3sdd, 153912
3sdx, 189020
3sdy, 167844
3se8, 191045
3se9, 193130
3sge, 11571
3sjv, 16878
3skj, 181069
3skm, 174111
3sko, 16878
3sn6, 189526
3sn6, 189527
3so3, 593799
3sob, 189934
3spv, 53128
3sqo, 178105
3stb, 174857
3stb, 174858
3stl, 142362
3stz, 142362
3sy0, 140113
3t0w, 181861
3t0x, 181861
3t1f, 178092
3t2n, 181065
3t3m, 149187
3t3p, 149187
3t4y, 130650
3t65, 140111
3t77, 140112
3ta3, 178092
3tbs, 839017
3tbt, 839019
3tbv, 839021
3tbw, 839022
3tby, 839018
3tf7, 97581
3tfk, 227929
3thm, 189931
3tid, 5628
3tie, 2124
3tje, 189931
3tjh, 227931
3tpu, 227921
3tt1, 181061
3tt3, 181062
3tv3, 189314
3tvm, 227866
3twc, 189314
3tyg, 462265
3tzv, 181167
3u0p, 181167
3u0t, 174049
3u2s, 429164
3u30, 179939
3u4e, 429167
3u7y, 593328
3u9p, 186732
3u9u, 177574
3uaj, 174344
3ubx, 158634
3ubx, 190187
3uc0, 174344
3uji, 604752
3ujj, 604576
3ulu, 180310
3ulu, 180311
3ulu, 180312
3upr, 137341
3upr, 175861
3utq, 103041
3uts, 103041
3utt, 103041
3ux9, 176789
3uyp, 173903
3uze, 173905
3uzq, 173904
3uzv, 173902
3v0a, 176780
3v0w, 179937
3v4p, 181057
3v4v, 181057
3v6o, 181063
3v6z, 180316
3v7a, 174348
3vcl, 55170
3ve0, 167710
3vfm, 38458
3vfn, 38458
3vfo, 38458
3vfp, 38458
3vfr, 421324
3vfs, 421325
3vft, 421326
3vfu, 421327
3vfv, 421328
3vfw, 421329
3vg9, 181064
3vga, 181064
3vh8, 98894
3vi3, 181055
3vi4, 181055
3vj6, 3063
3vri, 137341
3vri, 174266
3vrj, 137341
3vrj, 174193
3vw3, 227707
3vwj, 137483
3vwk, 164049
3vxm, 193060
3vxn, 56620
3vxo, 193060
3vxp, 193071
3vxr, 56620
3vxs, 193071
3vxu, 193060
3w0w, 193060
3w11, 190191
3w12, 190191
3w13, 190191
3w2d, 417984
3w39, 102104
3w9e, 194680
3wbd, 226810
3wd5, 236675
3wex, 232889
3wfb, 227883
3wfc, 227883
3wfd, 227883
3wfe, 227883
3whe, 233323
3wih, 243859
3wkm, 226308
3wl9, 230028
3wlb, 230030
3wlw, 422871
3ws3, 233118
3ws6, 114027
3wsq, 530625
3wuw, 98894
3wxv, 418795
3wxw, 418796
3x11, 98894
3x12, 98894
3x13, 16878
3x14, 16878
3x3f, 606206
3zdx, 188628
3zdy, 188628
3zdz, 188628
3ze0, 188628
3ze1, 188628
3ze2, 188628
3zkm, 229011
3zkn, 229011
3zkq, 229013
3zks, 229013
3zkx, 229012
3zkx, 229013
3zl4, 158636
3zlq, 186733
3ztj, 164109
3ztn, 164106
43ca, 161303
4aei, 180315
4aen, 105266
4ag4, 179942
4ah2, 105266
4al8, 174347
4ala, 174335
4am0, 174345
4aq1, 181059
4bel, 229013
4bfb, 229013
4bh7, 227454
4bh8, 227199
4bkl, 109599
4bz1, 742259
4c2i, 224587
4c57, 226920
4c58, 226921
4c59, 226921
4c83, 226300
4cad, 225198
4cdg, 420559
4ckd, 226440
4cmh, 230088
4cni, 227716
4cvx, 419425
4cvz, 419419
4cw1, 419367
4d0b, 419372
4d0c, 419373
4d0d, 419399
4d8p, 172751
4d9q, 189933
4d9r, 189932
4dag, 174346
4dgi, 178099
4dgv, 173085
4dgy, 173085
4dk3, 181058
4dk6, 181058
4dka, 181058
4dke, 180317
4dkf, 180319
4dn4, 176786
4dqo, 187207
4dtg, 177573
4dvr, 226302
4dw2, 179941
4e0r, 177752
4e5x, 37257
4edw, 604760
4edx, 604769
4ei5, 139419
4eig, 189528
4eiz, 189530
4ej1, 189530
4elm, 139426
4en3, 130694
4ene, 149231
4ers, 176784
4etq, 174349
4f15, 190190
4f2m, 174355
4f37, 105651
4f3f, 226756
4f7c, 181166
4f7e, 181165
4f7m, 176343
4f7p, 144297
4f7t, 124692
4f9l, 187732
4f9p, 187733
4fab, 137337
4ffv, 604293
4ffw, 604293
4ffy, 176795
4ffz, 176781
4fg6, 180318
4fhb, 189529
4fp8, 180352
4fqc, 187200
4fqi, 178112
4fqj, 178108
4fqk, 178109
4fqr, 180352
4fqv, 178113
4fqx, 179797
4fqy, 178114
4ftv, 37257
4g3y, 189531
4g42, 177751
4g43, 177755
4g6a, 51371
4g6f, 179864
4g6j, 178104
4g6m, 178103
4g7v, 604763
4g7y, 604763
4g80, 604764
4g8g, 33250
4g8i, 184136
4g9d, 33250
4g9f, 184136
4gag, 176383
4gaj, 175909
4gbx, 179797
4gft, 474463
4gg6, 226658
4gkn, 175795
4gks, 175797
4glr, 106565
4gms, 176782
4gqp, 178090
4grl, 117460
4grw, 742260
4grw, 742261
4grw, 742479
4gup, 178098
4gxu, 179938
4h0h, 135545
4h0i, 145662
4h1l, 181913
4h88, 189319
4h8w, 232595
4hc1, 604291
4hcr, 604292
4hem, 189026
4hep, 189024
4hf5, 181071
4hfu, 181067
4hg4, 181066
4hgk, 187204
4hgm, 187204
4hgw, 180941
4hha, 14435
4hih, 136105
4hii, 742469
4hij, 742470
4hix, 106321
4hj0, 194683
4hjj, 239239
4hkj, 58560
4hkx, 180309
4hlz, 186645
4hpo, 180966
4hpy, 180966
4hs3, 5628
4hs6, 51371
4hs8, 51371
4ht1, 187208
4huu, 4573
4huv, 4631
4huw, 4629
4hux, 4602
4hv8, 4573
4hwb, 180944
4hwz, 1913
4hx1, 62404
4hzl, 185046
4i0c, 194675
4i18, 240769
4i2x, 236676
4i3r, 180314
4i3s, 180314
4i48, 65108
4i4w, 179820
4i5b, 418903
4i77, 180353
4i9w, 181072
4idj, 187209
4iho, 157194
4iiq, 193601
4ij3, 194887
4iof, 189935
4ios, 189025
4irj, 194669
4irs, 194670
4irz, 224574
4is6, 72906
4j4p, 604768
4j6r, 187206
4j8r, 419026
4jan, 186644
4jb9, 187205
4jdt, 186643
4jfd, 189960
4jfe, 189962
4jff, 12941
4jfo, 189944
4jfp, 189960
4jfq, 189963
4jfx, 192955
4jfz, 192953
4jg0, 192953
4jg1, 192954
4jhw, 186804
4jkp, 188630
4jkw, 194668
4jlr, 226439
4jm2, 187241
4jm2, 187242
4jn2, 186729
4jo1, 188539
4jo2, 188540
4jo3, 188131
4jpk, 189023
4jpv, 187092
4jpw, 187091
4jqi, 194682
4jqv, 187225
4jqx, 187222
4jr9, 186734
4jre, 186734
4jrx, 38458
4jry, 38458
4jzj, 534822
4jzn, 167351
4jzo, 167351
4k24, 226306
4k2u, 186806
4k3h, 194673
4k3j, 189938
4k4m, 186807
4k55, 194672
4k7f, 187197
4k7p, 189322
4k8r, 735906
4k8r, 735907
4k94, 226755
4k9e, 226754
4kdt, 189924
4kfz, 225666
4kht, 226303
4khx, 226303
4ki5, 194985
4ki5, 194986
4kjp, 149231
4kjq, 149231
4kjw, 149231
4kk5, 149231
4kk6, 149231
4kk8, 149231
4kk9, 149231
4kka, 149231
4kkb, 149231
4kkc, 149231
4kkl, 149231
4kml, 224570
4krl, 189925
4krm, 189925
4kro, 189926
4kro, 189928
4krp, 189926
4krp, 189927
4ksd, 191109
4kuc, 591405
4kv5, 233340
4kvn, 189321
4kxz, 233341
4kzd, 233122
4kze, 233122
4l29, 194977
4l3c, 194977
4l3e, 12941
4l4t, 178098
4l4v, 178095
4l5f, 226918
4l8b, 419121
4l8c, 4360
4l8d, 419119
4l8s, 193601
4l9l, 193601
4laj, 189320
4lar, 224549
4las, 225178
4lbe, 142365
4lcc, 224547
4lcu, 142365
4lcw, 178095
4lde, 194884
4ldl, 194884
4ldo, 194884
4leo, 188631
4lf3, 194889
4lgp, 232593
4lgr, 232590
4lgs, 232589
4lhj, 232591
4lhq, 232592
4lhu, 130694
4liq, 230086
4lkx, 422530
4lmq, 189532
4lnr, 841202
4lou, 149231
4lqf, 451242
4lsp, 191047
4lsq, 191048
4lsr, 191046
4lss, 191050
4lst, 191049
4lsu, 191044
4lsv, 191051
4lu5, 451243
4lvh, 226441
4lvn, 232597
4lvo, 232597
4m1c, 189935
4m1c, 767504
4m1d, 190720
4m1g, 451247
4m48, 194679
4m5z, 191110
4m62, 175628
4m7j, 130657
4m7l, 607025
4m8q, 175628
4ma7, 224569
4ma8, 224569
4may, 420119
4mcy, 223844
4mcz, 222599
4md0, 156881
4md4, 222176
4md5, 223844
4mdi, 223844
4mdj, 156954
4mhh, 194677
4mhj, 194681
4mj5, 566921
4mj6, 566925
4mji, 102104
4mng, 139419
4mnq, 179820
4mq7, 139419
4mqs, 194988
4mqt, 194988
4mqx, 149231
4ms8, 856305
4msw, 142361
4mvb, 855540
4mwf, 194987
4mx7, 136905
4mxq, 856307
4mxv, 193602
4mxw, 193602
4n0c, 854605
4n0y, 434301
4n1c, 757706
4n1e, 757707
4n5e, 857138
4n8c, 133698
4n8v, 41975
4n90, 233380
4n9g, 226437
4n9o, 224570
4nbx, 224585
4nby, 224585
4nby, 224586
4nbz, 224584
4nc0, 224584
4nc1, 224584
4nc1, 224586
4nc2, 224571
4nco, 192194
4ngh, 236091
4nhc, 236090
4nik, 233136
4nj9, 244150
4nja, 244150
4nm8, 196975
4nnp, 688618
4nnx, 99844
4nny, 153878
4no0, 624114
4no2, 624113
4no3, 624135
4no5, 577006
4np4, 240764
4np4, 240766
4nqc, 226915
4nqd, 226915
4nqe, 226916
4nqv, 7136
4nqx, 181983
4nrx, 226247
4nsk, 837642
4nt6, 20354
4nx3, 226443
4o02, 241575
4o2c, 230048
4o2e, 230049
4o2f, 229998
4o4y, 226881
4o51, 226881
4o58, 227712
4o5i, 227712
4o5i, 910424
4o9h, 540800
4ocl, 226922
4ocm, 226922
4ocn, 226922
4ocx, 230085
4od2, 224573
4odt, 135394
4odv, 135394
4odx, 175628
4oga, 232596
4ogx, 230087
4ogy, 230087
4oii, 226444
4ojf, 106321
4okv, 606560
4olu, 233131
4olv, 233130
4olw, 233128
4olx, 233127
4oly, 233132
4olz, 233126
4om0, 233133
4om1, 233129
4onf, 105127
4ong, 105127
4ono, 224560
4oqt, 227720
4orz, 226301
4ot1, 238058
4ov5, 232827
4ozf, 226882
4ozg, 226882
4ozh, 226882
4ozi, 226868
4p23, 15489
4p2c, 232601
4p2o, 229963
4p2o, 712
4p2q, 229962
4p2q, 712
4p2r, 229967
4p2r, 712
4p3c, 236709
4p3d, 236709
4p46, 15489
4p4k, 229215
4p4r, 229215
4p57, 229215
4p59, 227715
4p5k, 240095
4p5m, 239504
4p5t, 15489
4p9h, 227937
4pd4, 227872
4pg2, 422251
4pg9, 15248
4pgb, 242477
4pgc, 121291
4pgd, 242480
4pge, 242481
4pgj, 244151
4pir, 233137
4pj5, 238048
4pj7, 226915
4pj8, 226915
4pj9, 226915
4pja, 226915
4pjb, 226915
4pjc, 226915
4pjd, 226915
4pje, 238048
4pjf, 238048
4pjg, 238048
4pjh, 238048
4pji, 238048
4pjx, 238048
4plj, 417992
4plk, 417993
4pou, 233320
4pp1, 422893
4pp2, 422892
4pr5, 24525
4pra, 227778
4prb, 227777
4prd, 24525
4pre, 227778
4prh, 24525
4pri, 24536
4prn, 227777
4prp, 227778
4ps4, 149191
4ptu, 136105
4pv8, 227828
4pv9, 227830
4py8, 227882
4q0x, 232556
4q6i, 232594
4q9q, 233122
4q9r, 233122
4qci, 243761
4qkx, 233321
4qnp, 240956
4qo1, 233379
4qok, 10987
4qrp, 24762
4qrq, 24762
4qrr, 28061
4qrs, 13133
4qrt, 240792
4qru, 13257
4qti, 241574
4qww, 238081
4qxt, 420505
4qxu, 236709
4qy8, 420505
4qyo, 420505
4r2g, 233363
4r2g, 233377
4r3s, 420505
4r4f, 232586
4r4h, 244156
4r8w, 434566
4r9y, 538534
4rau, 538525
4rav, 131974
4rbp, 236390
4rdq, 236677
4rfn, 429161
4rfo, 429162
4rgm, 417985
4rgn, 417982
4rgn, 417983
4rgo, 417982
4ris, 462115
4rqs, 238057
4rrp, 745535
4rwy, 422894
4rx4, 422899
4rzc, 474450
4s10, 420674
4s1d, 243758
4s1q, 419436
4s1r, 419434
4s1s, 419435
4tnv, 232602
4tnw, 232602
4tuj, 432084
4tuj, 433718
4tuk, 432834
4tuk, 433718
4tul, 432834
4tul, 433718
4tuo, 433718
4tvp, 233381
4tvp, 233382
4tvs, 232598
4u0r, 233134
4u1g, 233135
4u1h, 102149
4u1i, 102149
4u1j, 102149
4u1k, 371292
4u1l, 371292
4u1m, 371292
4u1n, 371292
4u1s, 231896
4u3x, 244151
4u6g, 236081
4u6h, 232688
4u6v, 232600
4u6x, 239405
4u6y, 239662
4uao, 420423
4ubd, 434565
4uil, 131786
4uin, 131786
4uq2, 244166
4uq3, 244206
4ut6, 240772
4ut9, 240773
4uta, 240770
4utb, 240771
4uu9, 742480
4uuj, 226416
4uv7, 462850
4v1d, 489105
4v1d, 489106
4w2o, 736217
4w2q, 736215
4w6w, 238077
4w6x, 238078
4w6y, 238076
4wdi, 102639
4wem, 418794
4wen, 418793
4weu, 418792
4wfe, 236455
4wff, 236455
4wfg, 236455
4wfh, 236455
4wgv, 234353
4wgw, 234353
4wht, 51374
4why, 51374
4wj5, 1397320
4wo4, 233318
4wuu, 489425
4wuu, 54882
4wv1, 435869
4ww2, 233318
4wwk, 233318
4wy7, 164136
4x5w, 566592
4x5x, 566592
4x6c, 241571
4x6d, 187036
4x6e, 241571
4x6f, 239227
4x7c, 238061
4x7d, 238084
4x7e, 238059
4x7f, 238060
4xak, 461728
4xaw, 164136
4xbe, 164136
4xbg, 509200
4xc1, 507471
4xc3, 507471
4xcf, 507472
4xcn, 509200
4xcy, 509199
4xgz, 423039
4xh2, 423059
4xhj, 422140
4xi5, 422141
4xmk, 425283
4xmm, 244153
4xmn, 244154
4xmp, 419439
4xnm, 461918
4xnq, 461918
4xnu, 420679
4xnx, 420679
4xny, 419438
4xnz, 419437
4xp1, 420679
4xp4, 420679
4xp5, 420679
4xp6, 420679
4xp9, 429165
4xpa, 420679
4xpb, 429166
4xpf, 420679
4xpg, 420679
4xph, 420679
4xpt, 429166
4xrc, 461918
4xt1, 244152
4xtr, 244324
4xvj, 51371
4xvs, 419440
4xvt, 591407
4xvu, 244324
4xwg, 489424
4xwo, 244324
4xx1, 489424
4xxc, 418064
4xxd, 105904
4xzu, 462514
4y16, 194671
4y19, 104511
4y1a, 104511
4y2d, 422957
4y4f, 224554
4y4h, 224555
4y4k, 227867
4y5v, 419433
4y5x, 244319
4y5y, 244320
4y7m, 496265
4y8d, 226921
4ybl, 546790
4ybq, 451453
4yc2, 546790
4ydi, 422900
4ydj, 422898
4ydk, 422897
4ydl, 422896
4ydv, 433200
4ye4, 435872
4yfl, 422895
4yga, 461004
4yhp, 510430
4yhy, 510516
4yhz, 510429
4yjz, 420678
4yk4, 420676
4yo0, 509678
4ypg, 420422
4yqx, 422960
4yr6, 1070767
4yue, 422961
4ywg, 423620
4yx2, 435855
4yxh, 435870
4yxk, 435871
4yxl, 435856
4yzf, 461726
4z0x, 167351
4z5r, 423781
4z76, 109543
4z78, 106637
4z7n, 188628
4z7o, 188628
4z7q, 188628
4z7u, 420753
4z7v, 420753
4z7w, 420753
4z8f, 423169
4z95, 423170
4z9k, 557993
4zak, 423171
4zff, 423187
4zfg, 423186
4zfo, 420560
4zfz, 547461
4zpt, 451538
4zpv, 451538
4zs6, 434785
4zs7, 540799
4zso, 606561
4zto, 434481
4zus, 50248
4zut, 22467
4zuu, 558584
4zuv, 56268
4zuw, 22467
4zxb, 504127
4zxb, 504128
4zyp, 429157
4zyp, 429168
5a2i, 3516
5a2j, 3516
5a2k, 3516
5a2l, 3516
5a3i, 429163
5aam, 745532
5aaw, 745532
5aco, 436020
5acz, 21984
5ad0, 20110
5ado, 566944
5alb, 244317
5alc, 244317
5anm, 442051
5any, 474457
5aum, 764238
5b38, 98894
5b39, 98894
5b3j, 539009
5b71, 606209
5b8c, 566500
5bjz, 753251
5bk0, 43248
5bk1, 753250
5bk2, 753249
5bo1, 474462
5bop, 538913
5boz, 580658
5brz, 14672
5bs0, 509235
5bv7, 503947
5bv7, 503948
5bvp, 434678
5c07, 558213
5c08, 177958
5c09, 558212
5c0a, 558116
5c0b, 558173
5c0c, 558174
5c0d, 558006
5c0e, 558213
5c0f, 177958
5c0g, 558212
5c0i, 558173
5c0j, 558174
5c0n, 489421
5c0r, 434783
5c0s, 434784
5c1m, 489423
5c2u, 496264
5c3l, 496266
5c6t, 436012
5c7k, 460998
5c7k, 461005
5c7x, 605981
5c8j, 462268
5c9j, 534864
5c9j, 534865
5cba, 593802
5cbe, 593801
5cd5, 841637
5cez, 489875
5cez, 489886
5cil, 462143
5cin, 462143
5cjo, 745530
5cjo, 767504
5cjq, 436013
5cjs, 436014
5cjx, 450397
5cp3, 122234
5csz, 104443
5cus, 451536
5cws, 451540
5czv, 540304
5czx, 540305
5d1q, 569453
5d1q, 569454
5d1x, 569453
5d1x, 569455
5d1z, 569462
5d1z, 569463
5d2l, 44920
5d2n, 44920
5d5m, 226915
5d6c, 462264
5d70, 605983
5d71, 605982
5d72, 605980
5d7i, 238048
5d7j, 226915
5d7l, 226915
5d8j, 489422
5d93, 504132
5d96, 504133
5d9q, 549299
5d9s, 546879
5da0, 436011
5dd0, 150371
5ddh, 546880
5def, 55635
5deg, 55635
5dfv, 604290
5dfw, 604289
5dfz, 462517
5dhv, 540807
5dhx, 540807
5dhy, 540807
5dhz, 540807
5dlm, 141748
5dmg, 601835
5dmi, 540804
5dmj, 540805
5dmk, 459680
5do2, 451244
5drn, 503943
5drx, 689253
5drz, 566698
5ds8, 503943
5dsc, 503943
5dtf, 503943
5dub, 503944
5dum, 489879
5dup, 489878
5dur, 489877
5dwu, 490060
5dyo, 137337
5e00, 165604
5e08, 558863
5e0q, 489107
5e1a, 226416
5e1h, 557992
5e2v, 106092
5e2w, 525422
5e6i, 20354
5e7f, 504093
5e8d, 474461
5e8e, 461727
5e8n, 504109
5e8o, 504106
5e8p, 504108
5e94, 557994
5e9d, 12941
5ea0, 540776
5ebl, 226416
5ebm, 226416
5ebw, 226416
5ec1, 226416
5ec2, 226416
5efi, 534806
5eii, 593331
5en2, 489104
5enw, 437661
5eo0, 538952
5eo1, 538954
5eoc, 509287
5eoq, 532562
5eor, 531361
5eot, 606263
5epm, 540306
5esv, 503949
5esz, 503950
5eu3, 74638
5eu4, 74567
5eu5, 534529
5eu6, 74641
5eu7, 566742
5eul, 534823
5euo, 20354
5ezo, 591582
5f1i, 176033
5f1k, 540803
5f1n, 176432
5f1o, 540802
5f21, 540801
5f3b, 561437
5f3h, 561437
5f3j, 547252
5f45, 534647
5f6j, 504129
5f7d, 606261
5f7k, 504130
5f7l, 504131
5f7m, 504130
5f7n, 504130
5f7w, 504130
5f7y, 504130
5f8q, 504130
5f8r, 504130
5f93, 504130
5f96, 530629
5f97, 504130
5f9a, 504130
5f9d, 504130
5f9j, 606330
5f9o, 530628
5f9w, 530627
5fa3, 606262
5fa4, 547106
5fb8, 540692
5fcu, 546789
5fdw, 547104
5fec, 538530
5fgb, 504110
5fgc, 504112
5fhc, 534853
5fhc, 534854
5fhx, 534649
5fkp, 534807
5foj, 1075137
5fuc, 591413
5fuo, 547135
5fuu, 534824
5fv1, 504137
5fv2, 504138
5fxc, 549069
5fyj, 540696
5fyj, 540703
5fyj, 745533
5fyk, 540697
5fyk, 540701
5fyk, 745534
5fyl, 540693
5fyl, 540702
5g5r, 607030
5g5x, 607030
5g64, 606205
5ggr, 561933
5ggs, 561934
5ggt, 561932
5ggv, 561937
5ghw, 571484
5gir, 558281
5gis, 558333
5gjs, 568974
5gjt, 568975
5gjx, 54592
5gjy, 42974
5gkr, 189019
5gmq, 832133
5gr7, 628707
5grd, 60930
5grg, 688636
5grj, 566745
5gru, 561616
5gs0, 561615
5gs2, 561617
5gsb, 620933
5gsd, 682137
5gsr, 628705
5gsv, 625112
5gsx, 616629
5gxb, 566743
5gzn, 567333
5gzo, 567337
5h35, 569465
5h37, 569843
5h5z, 1380236
5h8o, 538526
5h94, 538901
5hbt, 606553
5hbv, 606563
5hdb, 188628
5hdq, 561436
5hga, 538938
5hgb, 102046
5hgd, 193060
5hgg, 566499
5hgh, 56620
5hhm, 538552
5hhn, 538552
5hho, 538549
5hhp, 538549
5hhq, 538554
5hhv, 539004
5hhx, 539004
5hi3, 558361
5hi4, 558361
5hi5, 558361
5hj3, 509301
5hm1, 933335
5hvf, 546707
5hvg, 546708
5hvh, 546707
5hvh, 546708
5hyj, 558006
5hys, 540166
5i5k, 540700
5i6x, 534821
5i73, 534821
5i74, 534821
5i75, 534821
5i8c, 541298
5i8h, 546706
5i8h, 546709
5i9q, 538531
5ib1, 55635
5ib2, 55635
5ib3, 55635
5ib4, 55635
5ib5, 55635
5ibl, 591808
5ieh, 610784
5iek, 223677
5ies, 538520
5if0, 538520
5ifj, 462149
5ig7, 462150
5igx, 538532
5ihl, 540805
5ijk, 462149
5ikc, 561935
5im7, 101990
5imk, 568972
5iml, 568972
5imm, 568973
5imo, 568973
5inc, 558160
5ind, 558159
5ip4, 561936
5iq7, 179864
5iq9, 179864
5iro, 37257
5isz, 20354
5ivn, 534778
5ivx, 53935
5iwl, 548913
5j13, 607029
5j1a, 838987
5j1s, 548912
5j1t, 548912
5j3d, 566540
5j3h, 546705
5j56, 580659
5j57, 580657
5j74, 538999
5j75, 539000
5j9p, 226416
5ja8, 606213
5ja9, 606211
5jds, 605974
5jhd, 20354
5jhl, 540699
5jlz, 566637
5jmo, 568969
5jo4, 780246
5jop, 593773
5jq6, 607028
5jqh, 547907
5js9, 548686
5js9, 548689
5jsa, 548686
5jsa, 548689
5jw3, 549838
5jw4, 549837
5jwd, 72826
5jwe, 6972
5jxe, 548687
5jyl, 745668
5jym, 745667
5jz7, 591809
5jzi, 32208
5k33, 613465
5k59, 548857
5k9k, 580002
5k9o, 580001
5k9q, 580006
5kan, 580005
5kaq, 580003
5kd4, 745240
5kd7, 745239
5kel, 549296
5kel, 549297
5kem, 549296
5kem, 549301
5ken, 549296
5ken, 549302
5kjr, 548685
5kn5, 549028
5kov, 567330
5kqv, 1334661
5ks9, 558548
5ksa, 558769
5ksb, 558643
5ksu, 119507
5ksv, 41153
5kte, 566746
5ktz, 606204
5ku0, 606203
5ku2, 606201
5kvd, 558355
5kve, 558356
5kvf, 558357
5kvg, 558358
5kvl, 688610
5kw9, 580004
5kwg, 613466
5kwl, 606202
5kzc, 549298
5kzp, 51371
5l0q, 566164
5l21, 910129
5l2j, 580000
5l2k, 580000
5l6y, 566744
5l8j, 547254
5l8k, 547254
5l8l, 547254
5lax, 566638
5lbs, 547255
5lcv, 547256
5ldn, 862090
5lhn, 639687
5lhp, 639687
5lhq, 639687
5lhr, 639686
5ljy, 745510
5lqb, 569443
5lwy, 606333
5lx9, 606333
5lxa, 606333
5lxg, 418795
5m02, 839018
5m13, 871607
5m14, 871606
5m15, 871605
5m2i, 733840
5m2j, 733835
5m2m, 733834
5m30, 628734
5m63, 769887
5men, 179820
5meo, 569165
5mep, 569167
5meq, 569164
5mer, 569162
5mes, 591580
5mev, 591580
5mhr, 569844
5mhs, 569842
5mi0, 581513
5mje, 606212
5mo9, 693628
5mp2, 745080
5mu0, 688731
5mu2, 688720
5mub, 688731
5mv3, 688720
5mv4, 688712
5mwn, 628733
5mwn, 628734
5my4, 653431
5my6, 733912
5myk, 653430
5myo, 653431
5myx, 653432
5mzm, 753509
5mzv, 742255
5n09, 871618
5n0a, 871618
5n1y, 558116
5n6b, 121572
5n7b, 549069
5n7w, 858593
5n88, 753275
5nbd, 607158
5nbl, 841647
5nbm, 841647
5nbw, 688737
5ngv, 741159
5nh3, 741158
5nhr, 741159
5ni9, 227794
5nig, 227793
5nj3, 613475
5nj6, 606222
5njd, 742254
5njg, 613475
5nme, 59613
5nmf, 189288
5nmg, 189277
5nmh, 189288
5nmk, 189277
5nmv, 753468
5nph, 613497
5npi, 613497
5npj, 613496
5npz, 768407
5nq0, 768385
5nq1, 768385
5nq2, 25478
5nq3, 768407
5nuz, 693680
5o02, 738403
5o03, 738405
5o04, 738399
5o04, 738407
5o05, 738400
5o0w, 735905
5o14, 753472
5o1r, 836601
5o2u, 689251
5o4e, 697396
5o4g, 779876
5o4o, 779879
5o7p, 779879
5o8f, 733839
5oca, 158648
5occ, 858339
5ock, 934525
5ocl, 653804
5ocx, 934530
5ocy, 934518
5ogi, 754344
5ojm, 733838
5omm, 738406
5omn, 738401
5oqf, 58560
5oqg, 58560
5oqh, 58560
5oqi, 58560
5otj, 857603
5ovw, 735802
5owp, 741047
5sv3, 566498
5swq, 7291
5sws, 4602
5swz, 4602
5sx4, 561434
5sx5, 561434
5sy8, 593800
5t1d, 606223
5t29, 593800
5t33, 567331
5t3s, 566949
5t3s, 566950
5t3x, 558875
5t3x, 558876
5t3z, 558875
5t3z, 558876
5t4z, 130701
5t5b, 593800
5t5f, 567332
5t5n, 566502
5t6l, 593800
5t6p, 580798
5t6w, 602123
5t6x, 602775
5t6y, 602771
5t6z, 127246
5t70, 602746
5t78, 580709
5t7g, 188252
5t80, 593800
5t85, 593800
5tbd, 44487
5te4, 568970
5te6, 568968
5te7, 568971
5tez, 20354
5tfw, 593800
5th9, 606210
5thr, 566541
5thr, 566542
5tih, 606336
5til, 837642
5tje, 30015
5tjw, 593330
5tkj, 780270
5tkk, 780270
5tl5, 653327
5tlj, 581515
5tlj, 581516
5tlk, 581514
5tlk, 581515
5toj, 591810
5tok, 591810
5tpn, 581508
5tpw, 606208
5tq0, 606208
5tq2, 606208
5tqq, 567336
5tr1, 567336
5tru, 607027
5trz, 180078
5ts1, 76581
5tud, 693505
5tw2, 735899
5tw5, 735900
5txs, 758235
5tz2, 604758
5tzt, 604759
5tzu, 604757
5u16, 613395
5u17, 613394
5u1f, 593329
5u1r, 116873
5u2v, 613393
5u3j, 179864
5u3k, 688897
5u3l, 689174
5u3m, 688897
5u3n, 688897
5u3o, 689174
5u4l, 871601
5u4m, 871601
5u68, 591414
5u6q, 613404
5u72, 131807
5u7m, 693627
5u7m, 693630
5u7o, 693627
5u7o, 693630
5u8q, 753276
5u8r, 753276
5u98, 137341
5u98, 176751
5ucb, 745539
5udc, 606552
5udd, 606559
5uea, 745536
5uem, 768048
5ug0, 652900
5ugy, 591406
5uhy, 604294
5ujt, 745589
5ujz, 652899
5uk0, 652899
5uk1, 652899
5uk2, 652899
5uk4, 639688
5ukb, 639685
5ukr, 741156
5um8, 628727
5um8, 628735
5umi, 689278
5umn, 607152
5uoe, 767505
5uqy, 241576
5usf, 606562
5ush, 735903
5usl, 735903
5utf, 606554
5utf, 606564
5uty, 606554
5uty, 606564
5utz, 769831
5uz7, 607159
5v4m, 644268
5v4n, 644268
5v5l, 127246
5v5m, 127246
5v6l, 745234
5v6m, 745403
5v7j, 689252
5v7j, 689256
5v8l, 607154
5v8l, 607157
5v8m, 607154
5vag, 738313
5vai, 653800
5vai, 653801
5vak, 768332
5van, 768332
5vaq, 768332
5vcj, 919698
5vcl, 3063
5veb, 628718
5vf2, 742521
5vgd, 692175
5vge, 448090
5vgj, 628723
5vic, 628716
5vig, 628722
5viy, 688738
5viy, 688743
5vj6, 688743
5vj6, 688744
5vjo, 768088
5vjq, 768089
5vk2, 607031
5vk6, 142365
5vkd, 838992
5vke, 142365
5vkh, 142365
5vl2, 858581
5vl3, 697125
5vl7, 693503
5vlp, 693504
5vm0, 858581
5vm6, 858581
5vn3, 653802
5vn8, 653803
5vnw, 745452
5vob, 697081
5voc, 697081
5vod, 697082
5vpg, 174340
5vph, 174340
5vpl, 174338
5vqm, 740828
5vta, 768054
5vud, 860887
5vue, 860964
5vuf, 176338
5vvp, 860887
5vwd, 860964
5vwf, 176338
5vwh, 860887
5vwj, 860964
5vxr, 51374
5vyf, 874119
5vz5, 758236
5w06, 753558
5w08, 745454
5w0d, 745455
5w0k, 735902
5w1k, 779877
5w1k, 779878
5w1m, 779883
5w1v, 69921
5w1w, 69922
5w23, 738404
5w3e, 653805
5w3l, 653805
5w3m, 653805
5w3o, 653805
5w3p, 740860
5w42, 839063
5w4l, 736246
5w4l, 736247
5w5x, 842798
5w5z, 842798
5w67, 693021
5w69, 614198
5w6a, 490583
5w6d, 489886
5w6d, 733836
5w6g, 745666
5w9h, 733837
5w9i, 733837
5w9j, 733837
5w9k, 733837
5w9l, 733837
5w9m, 733837
5w9n, 733837
5w9o, 733837
5w9p, 733837
5wb2, 850905
5wb9, 768050
5wdf, 745647
5wdu, 753560
5wdu, 753561
5wdu, 753562
5wes, 735128
5wet, 735129
5weu, 735130
5whk, 766973
5wi9, 857676
5wjl, 22825
5wjn, 22820
5wk3, 742253
5wke, 738082
5wkf, 22825
5wkg, 738083
5wkh, 22820
5wki, 187038
5wko, 738314
5wl1, 187038
5wlg, 187087
5wli, 187087
5wmn, 60089
5wmo, 55252
5wmp, 65748
5wmq, 13263
5wmr, 51089
5wn9, 756286
5wna, 757705
5wnb, 125011
5wob, 767504
5wsh, 858972
5wt9, 745137
5wth, 569466
5wtt, 738150
5wux, 628717
5wwu, 124495
5wxc, 841139
5wxd, 841139
5x08, 164136
5x2m, 688741
5x2n, 688741
5x2o, 688741
5x2p, 688741
5x2q, 688741
5x8l, 688739
5x8m, 688740
5xaj, 693506
5xbm, 769832
5xcq, 103496
5xcr, 103496
5xcs, 75441
5xct, 103496
5xcu, 75441
5xcv, 697171
5xez, 653799
5xf1, 653799
5xhv, 740831
5xj3, 767021
5xj4, 768053
5xjm, 779880
5xku, 745531
5xmf, 750847
5xmh, 753280
5xmm, 746280
5xos, 27943
5xot, 27943
5xov, 56620
5xqw, 767786
5xs3, 489841
5xs7, 697068
5xwd, 745136
5xxy, 766968
5y0a, 733913
5y11, 736218
5y7z, 858462
5y80, 858462
5y9c, 735803
5y9f, 735797
5y9j, 945991
5yax, 697375
5yd3, 768888
5yd4, 768884
5yd5, 768880
5ye3, 841227
5ye4, 841227
5yhl, 862345
5ylx, 153475
5ymv, 175571
5ymw, 38389
5yoy, 767019
5ywo, 757710
5ywp, 757712
5ywy, 862345
5yy4, 839000
5yy5, 780243
5zia, 858434
5zv3, 768138
5zxv, 780242
6a0z, 769830
6a2b, 1068658
6a3w, 912907
6a4k, 887301
6a67, 858129
6a6h, 958689
6a77, 871611
6a78, 871611
6a79, 871611
6a96, 858134
6ad0, 858721
6ad7, 933268
6ad8, 933268
6ada, 933268
6adb, 933268
6adc, 933268
6aee, 54162
6aj7, 862092
6aj9, 862091
6aj9, 862092
6al0, 509678
6al1, 509678
6al5, 767020
6am5, 850880
6amt, 850848
6amu, 850848
6ana, 742531
6and, 742530
6ani, 742529
6aod, 753254
6apb, 753466
6apd, 753467
6app, 736216
6aq7, 768330
6at5, 753317
6at9, 758236
6atf, 156882
6ati, 222599
6att, 768082
6atz, 735789
6avf, 753317
6avg, 753317
6avq, 736248
6avr, 736248
6avu, 736248
6awn, 534821
6awo, 534821
6awp, 534821
6awq, 534821
6axk, 742507
6axl, 742507
6ayz, 745538
6az2, 745537
6azm, 43248
6azz, 738088
6b08, 738089
6b0a, 738091
6b0e, 738087
6b0g, 738086
6b0h, 738090
6b0n, 768051
6b0n, 768052
6b0s, 742528
6b14, 233122
6b20, 768333
6b3d, 740826
6b3k, 742527
6b3m, 769543
6b3s, 741157
6b5l, 756359
6b5m, 756363
6b5n, 756412
6b5o, 756260
6b5p, 756359
6b5r, 756363
6b5s, 756412
6b5t, 756260
6b70, 767505
6b73, 742258
6b7z, 767505
6b9j, 735904
6ba5, 768331
6ban, 768331
6bb4, 766936
6bck, 768049
6bdz, 745079
6be3, 135813
6be4, 753248
6bf4, 753473
6bf7, 767505
6bf9, 767505
6bfq, 850906
6bfs, 850907
6bga, 863382
6bij, 743175
6bil, 743176
6bin, 180071
6bir, 227848
6bit, 738092
6biv, 743058
6bix, 743058
6biy, 533010
6biz, 743988
6bj2, 27943
6bj3, 27943
6bj8, 780369
6bkb, 919714
6bkc, 919713
6bkd, 919715
6blh, 766946
6bli, 766946
6blq, 745590
6blr, 745590
6blx, 745591
6bmh, 858125
6bmk, 858124
6bnk, 130694
6bnl, 766894
6bp2, 753474
6bpa, 836597
6bpc, 836598
6bpe, 836599
6bqb, 768568
6bxp, 1397411
6bxq, 764524
6by2, 769834
6by3, 769834
6bzu, 51371
6bzv, 51371
6bzw, 51371
6bzy, 51371
6c08, 768335
6c5h, 150760
6c5j, 150760
6c5k, 150760
6c5m, 1346687
6c5v, 767106
6c5w, 779881
6c69, 1346681
6c6a, 1346686
6c6c, 1346682
6c6e, 1346683
6c6f, 1346685
6c6h, 1346689
6c6j, 1346688
6c6y, 766970
6c6z, 766969
6c9u, 769888
6c9w, 857814
6cbj, 140942
6cbp, 1125055
6cbv, 1066520
6ccb, 757709
6cde, 780270
6cde, 780383
6cde, 780384
6cdi, 780270
6cdi, 780383
6cdi, 780384
6cdm, 780270
6cdo, 780270
6cdp, 780270
6ce0, 863295
6ce0, 863301
6cez, 848024
6cf2, 780238
6ch7, 766898
6ch7, 766902
6ch8, 766898
6ch8, 766902
6ch9, 766899
6ch9, 766903
6chb, 766897
6chb, 766898
6ck9, 766900
6ck9, 766901
6cm3, 857677
6cm3, 857679
6cmg, 540165
6cmi, 540165
6cmo, 858338
6cmo, 858340
6cnj, 767025
6cnk, 767025
6cnv, 858461
6cnv, 858469
6co3, 105163
6cpl, 735788
6cpn, 53809
6cpo, 53809
6cqj, 53809
6cql, 53809
6cqn, 53809
6cqq, 53809
6cqr, 53809
6crk, 857678
6crq, 768334
6cse, 865903
6csf, 865903
6ct7, 870822
6cue, 780236
6cue, 780237
6cue, 780248
6cuf, 780236
6cuf, 780237
6cuf, 780247
6cug, 239226
6cvk, 850904
6cw2, 850910
6cw3, 850911
6cw6, 159251
6cw9, 735900
6cwb, 1346684
6cwd, 850897
6cwe, 735899
6cwg, 862344
6cwt, 850896
6cx5, 735901
6cx7, 1346681
6cx9, 1346686
6cxa, 1346682
6cxc, 953021
6cxe, 1346683
6cxf, 1346685
6cxg, 1309292
6cxl, 1309329
6cyf, 836600
6cyw, 985420
6d01, 43248
6d0u, 886586
6d0x, 43242
6d11, 43248
6d29, 906660
6d2b, 897977
6d2p, 874117
6d2r, 892355
6d2t, 895308
6d64, 239226
6d6t, 769542
6d6u, 769542
6d78, 12941
6d78, 155
6d7g, 12941
6d9w, 874509
6db5, 780025
6db6, 780125
6db7, 780125
6db8, 233122
6db9, 233122
6dbf, 780393
6dbg, 780393
6dc3, 969092
6dc5, 969091
6dc8, 910371
6dc9, 910388
6dca, 910389
6dcq, 768782
6dcw, 768322
6dde, 768783
6ddm, 862347
6ddr, 862346
6ddv, 862348
6de7, 780392
6de7, 780394
6dez, 863277
6df0, 863277
6df1, 862840
6df2, 862840
6dfg, 958514
6dfh, 958516
6dfi, 858292
6dfj, 858293
6dfs, 230297
6dfw, 910754
6dfx, 910753
6did, 850772
6dig, 969117
6djp, 841638
6dkj, 911913
6dkp, 12941
6dkp, 155
6do1, 885834
6dw2, 841282
6dwa, 841282
6dwi, 841282
6dzl, 850908
6dzm, 850909
6dzt, 912916
6dzv, 914485
6dzw, 914484
6dzw, 914485
6dzy, 914484
6dzy, 914485
6dzz, 914485
6e0c, 912915
6e0p, 912915
6e1k, 857816
6e3h, 858354
6e3y, 858295
6e4x, 914332
6e4y, 910662
6e4z, 910661
6e56, 914334
6e5p, 869804
6e62, 874122
6e63, 874121
6ea5, 858131
6ea7, 858132
6eay, 858355
6edu, 857604
6edu, 857675
6edu, 857680
6ehg, 766966
6ei2, 505123
6ejg, 780239
6ejm, 780241
6ek2, 780240
6elu, 745081
6eqa, 155
6eqb, 155
6eqc, 754344
6eqi, 738408
6eti, 757711
6ev2, 857743
6ewa, 27125
6ewb, 874754
6ewc, 859338
6ewo, 153880
6ey0, 745138
6ey6, 745139
6eyo, 836595
6f2g, 914616
6f2w, 914616
6f7t, 862142
6fax, 767100
6fe4, 753252
6feq, 757711
6fg1, 956307
6fg2, 956308
6fgb, 841639
6fla, 858127
6flb, 858127
6flc, 858126
6fn1, 753253
6fn4, 753253
6frj, 885866
6fs0, 874120
6fuz, 952483
6fv0, 952483
6fxn, 766972
6fy0, 858681
6fy0, 863965
6fy1, 858720
6fy2, 858719
6fy3, 858680
6fyt, 858467
6fyu, 858470
6fyw, 858468
6fzq, 549069
6fzr, 549069
6g3j, 910618
6gb5, 227161
6gb5, 892158
6gb6, 892158
6gb7, 227161
6gb7, 889731
6gci, 910554
6gdg, 767507
6gff, 858128
6gff, 858133
6gg0, 910133
6ggm, 841188
6gh1, 144947
6gh4, 841204
6ghn, 841193
6gjq, 919721
6gjs, 919722
6gjs, 919725
6gju, 919724
6gju, 919725
6gk4, 919722
6gk4, 919726
6gk7, 768313
6gk8, 768139
6gkd, 919722
6gkd, 919723
6gku, 918330
6gl1, 841199
6glw, 918331
6glx, 918329
6gs1, 886588
6gs4, 886588
6gs7, 886588
6gv1, 858130
6gv4, 859650
6gwn, 969095
6gwn, 969096
6gwp, 969095
6gwp, 969096
6gwq, 969096
6h02, 838990
6h06, 839001
6h0e, 839001
6h15, 871610
6h16, 871609
6h1f, 914468
6h2y, 952473
6h3t, 910132
6h3u, 910131
6h5n, 841646
6h6y, 874756
6h6z, 874755
6h70, 874755
6h71, 874753
6h72, 874753
6h7j, 1066040
6h7l, 1066039
6h7m, 1066039
6h7o, 1066039
6hby, 952822
6hco, 757711
6hd8, 1068711
6hd9, 1068711
6hda, 1068711
6hdb, 1068711
6hdc, 1068711
6her, 957146
6hf1, 910553
6hga, 102384
6hhc, 953018
6hhd, 957146
6hhu, 933586
6hhu, 933588
6hig, 914452
6hjp, 857655
6hjq, 857655
6hjx, 947127
6hjy, 947127
6hug, 874512
6huj, 874512
6huk, 874512
6huo, 874512
6hup, 874512
6hxw, 945992
6i04, 910170
6i07, 910171
6i2g, 952398
6i53, 910175
6i6j, 910670
6i8g, 952642
6i8h, 952640
6i8s, 886617
6i9i, 871600
6iap, 918322
6iap, 918328
6ibb, 952645
6ibl, 1394194
6icc, 509678
6icf, 509678
6id4, 886622
6idg, 189521
6iea, 910047
6ieb, 910049
6iec, 910045
6iek, 910048
6ieq, 914469
6ieq, 914470
6ii4, 886619
6ii8, 886618
6ii9, 886620
6ikm, 957023
6ilc, 540360
6ile, 540360
6ilf, 540380
6ilg, 923220
6irl, 1066208
6itc, 924003
6itc, 924010
6itp, 174851
6itq, 174851
6iut, 887302
6iuv, 887290
6ivz, 874511
6iw0, 874504
6iw2, 874513
6iwg, 923338
6iwh, 923340
6j11, 919498
6j14, 956771
6j15, 956772
6j1v, 1913
6j1w, 1913
6j29, 51104
6j2a, 7136
6j2d, 540360
6j2e, 947203
6j2f, 947232
6j2g, 947204
6j2h, 540360
6j2i, 923224
6j2j, 947210
6j5d, 910173
6j5f, 910174
6j5g, 910174
6j6y, 944857
6j71, 918321
6j7w, 874508
6jb2, 956481
6jb5, 956481
6jb8, 956481
6jbt, 914486
6jep, 911915
6jfi, 911915
6jhq, 1066282
6jhr, 1066279
6jhs, 1066280
6jht, 1066281
6jjp, 952755
6jmq, 914614
6jmr, 914613
6jmr, 914614
6jod, 958767
6joz, 5002
6jp3, 958557
6jp3, 958563
6jq2, 834839
6jq3, 1388582
6jsz, 945990
6jtn, 1141716
6jtp, 1141714
6ju0, 985425
6jwc, 985424
6k0y, 957012
6k3m, 945490
6k41, 1074323
6k41, 1074324
6k42, 1074323
6k42, 1074328
6k4z, 158629
6k5a, 933268
6k5d, 933268
6k5f, 933268
6k5i, 933268
6k60, 54162
6k64, 945298
6k65, 945484
6k67, 945040
6k68, 945801
6k69, 945041
6k6a, 945299
6k6b, 945042
6k7o, 914450
6k7t, 540360
6kdi, 189521
6kn9, 1391993
6knm, 985700
6kpf, 1063114
6kpg, 1063114
6krz, 1309092
6ks0, 1309092
6ks1, 1309093
6ktr, 1087138
6kwk, 142444
6kwl, 142444
6kwn, 164134
6kwo, 1397685
6kx9, 419330
6kyu, 1343177
6kyz, 1074814
6kz0, 1074824
6l62, 1065884
6lah, 1068706
6lam, 1068705
6lb2, 1068707
6lbe, 1380236
6li3, 1063113
6lmk, 1087442
6lml, 1087441
6ln2, 1066278
6lnt, 985699
6lpb, 1065882
6lpb, 1065883
6lr7, 1074718
6lra, 1309039
6lt6, 1068706
6lxi, 1314080
6lxj, 1314094
6lxk, 1314095
6lz4, 1078592
6m1h, 1065885
6m1i, 1065885
6m24, 1311320
6m2j, 1311510
6m2k, 1311355
6m3b, 1087142
6m3c, 1087143
6m87, 244150
6mam, 886625
6mar, 850773
6mb3, 858589
6mco, 887303
6mco, 887304
6mdt, 887303
6mdt, 887304
6me1, 886748
6meh, 874123
6mei, 874124
6mej, 874125
6mej, 874126
6mek, 874127
6mek, 874128
6mff, 859257
6mfg, 109654
6mft, 858592
6mg7, 1087438
6mhg, 858589
6mhr, 858465
6mi2, 858466
6mid, 874758
6miv, 952997
6miy, 953017
6mj4, 952999
6mj6, 953000
6mja, 952995
6mji, 952998
6mjj, 952994
6mjq, 952996
6mjz, 863302
6mkd, 941006
6mkr, 941006
6mlk, 871612
6mlm, 886623
6mn7, 914612
6mng, 941006
6mnm, 941006
6mnn, 941006
6mno, 941006
6mnq, 929373
6mnr, 929373
6mns, 604752
6mp0, 181475
6mp1, 858325
6mpg, 780270
6mpg, 933253
6mpg, 933254
6mph, 780270
6mph, 933253
6mph, 933254
6mqc, 780270
6mqe, 780270
6mqm, 780270
6mqr, 780270
6mqs, 780270
6mt3, 15501
6mt4, 97298
6mt5, 872108
6mt6, 15501
6mtj, 874505
6mtj, 874514
6mtl, 15501
6mtm, 15501
6mtn, 874505
6mtn, 874514
6mu6, 874505
6mu6, 874514
6mu7, 874505
6mu7, 874514
6mu8, 874505
6mu8, 874514
6muf, 874510
6muf, 874515
6mug, 874510
6mug, 874515
6mui, 871615
6mv5, 910600
6mvl, 953019
6mw9, 871616
6mwc, 871613
6mwn, 933582
6mwr, 226915
6mwv, 871614
6mwx, 871617
6mxt, 910423
6myy, 858591
6mzj, 858591
6n16, 780270
6n1v, 780270
6n1v, 933253
6n1v, 933254
6n1w, 780270
6n1w, 933253
6n1w, 933254
6n2x, 164046
6n35, 143632
6n48, 924002
6n4b, 874757
6n4q, 874129
6n4r, 874129
6n4y, 885833
6n50, 885833
6n51, 885833
6n5b, 914615
6n5d, 914611
6n5e, 914610
6n6b, 944869
6n7j, 910650
6n81, 914621
6n8d, 914617
6nb3, 910130
6nb4, 910130
6nb6, 910052
6nb7, 910052
6nbf, 910667
6nbf, 910668
6nbh, 910667
6nbh, 910668
6nbi, 910667
6nbi, 910668
6nc2, 919500
6nc3, 919499
6ncp, 541298
6nf2, 780270
6nf2, 933253
6nf2, 933254
6nf5, 958513
6nf5, 958518
6nf7, 958763
6nfc, 958513
6nfc, 958517
6nfj, 911914
6nfn, 158630
6nfu, 142365
6nfv, 142365
6nha, 969179
6ni2, 957011
6ni2, 957015
6ni2, 957016
6ni3, 957025
6nij, 924018
6nip, 1391780
6niu, 1391780
6niy, 1066283
6njl, 911916
6njl, 911918
6njm, 911917
6njm, 911918
6njn, 911916
6njn, 911917
6njn, 911918
6nm6, 885830
6nm6, 885831
6nm6, 885835
6nmr, 944079
6nms, 944080
6nmt, 944078
6nmu, 944076
6nmv, 944077
6nn3, 910168
6nnf, 885830
6nnf, 885832
6nnf, 885835
6nnj, 885829
6nnj, 885830
6nnj, 885835
6npr, 53935
6nqd, 886624
6nux, 969005
6nz7, 911919
6o1f, 952758
6o23, 45414
6o24, 43242
6o25, 43242
6o26, 1335716
6o28, 768504
6o29, 1335695
6o2a, 43256
6o2b, 1335699
6o2c, 43242
6o39, 912913
6o3a, 912909
6o3b, 912908
6o3c, 933306
6o3g, 164136
6o3j, 164136
6o3l, 164136
6o42, 164136
6o4y, 958661
6o4z, 958662
6o51, 958765
6o53, 958663
6o9b, 220330
6o9c, 956463
6o9h, 983933
6o9i, 983933
6o9i, 983934
6oan, 919711
6oao, 919712
6obd, 913297
6oc3, 911687
6ocb, 911686
6oe4, 912903
6oe5, 912903
6oe5, 912904
6oej, 1087439
6oel, 933590
6ofi, 1087440
6oge, 911684
6oge, 911685
6ogx, 933266
6ogx, 933267
6ohg, 1330675
6oij, 910805
6oik, 910804
6ojp, 735899
6okm, 933266
6okn, 933267
6okp, 914453
6okp, 914454
6ol5, 944874
6ol6, 944863
6ol7, 944081
6olp, 924022
6oor, 919717
6opa, 1087136
6opa, 1087137
6opa, 1087144
6opd, 952638
6oq5, 924001
6oq5, 924019
6oq5, 924020
6oq6, 924020
6oq7, 924019
6oq8, 924001
6orn, 924016
6oro, 924014
6orp, 924015
6orq, 924013
6orv, 1543584
6os0, 993040
6os1, 993040
6os2, 993040
6os9, 924021
6osh, 1066277
6osv, 1066276
6osy, 780270
6osy, 933253
6osy, 933254
6ot0, 914620
6ot1, 780270
6ot1, 933253
6ot1, 933254
6otc, 912914
6ous, 947680
6oy4, 952643
6oya, 952485
6oyh, 924017
6oyz, 924017
6oz6, 924017
6oz9, 985704
6p23, 952723
6p27, 952725
6p2c, 952726
6p2f, 952724
6p2s, 952722
6p50, 952482
6p62, 957149
6p65, 957150
6p67, 952481
6p8m, 958515
6p8n, 958519
6p91, 945995
6p95, 945996
6p9x, 985429
6p9y, 985429
6pa0, 142365
6pb0, 985703
6pb1, 985703
6pbh, 181194
6pbv, 1064799
6pbw, 45407
6pci, 985702
6pci, 985704
6pcu, 933589
6pdx, 957024
6pe8, 944074
6pe9, 944075
6phb, 945988
6phc, 945985
6phd, 945987
6phf, 945986
6pi7, 945993
6pis, 958521
6plh, 1338724
6plh, 152206
6plk, 957013
6ppg, 957152
6pt0, 969178
6ptb, 859015
6pte, 710995
6puc, 226915
6pud, 1075885
6pue, 1075887
6puf, 1075883
6pug, 1075895
6puh, 1075881
6pui, 1075890
6puj, 1075898
6puk, 1075882
6pul, 1075897
6pum, 1075893
6pv7, 1391997
6pv8, 1391997
6pvc, 1087257
6pvd, 1087258
6pw6, 1087136
6pwc, 958520
6pwu, 1066041
6px6, 1065957
6pxh, 944864
6pxr, 1348351
6py2, 1065957
6pyc, 969088
6pyd, 969088
6pyj, 226869
6pyl, 33250
6pyv, 226869
6pyw, 226869
6pz5, 226869
6pz8, 944864
6pze, 957018
6pzf, 957014
6pzw, 957026
6pzy, 957021
6pzz, 957017
6q0b, 46859
6q0e, 969167
6q0h, 969166
6q0i, 969166
6q0l, 969166
6q0o, 969165
6q18, 969168
6q1z, 956306
6q20, 956304
6q23, 956305
6q3k, 44920
6q6z, 952641
6qb3, 956485
6qb4, 956485
6qb6, 956485
6qd7, 1063115
6qd8, 1063108
6qee, 874506
6qex, 874507
6qfc, 956485
6qgw, 919718
6qgx, 919719
6qgy, 919720
6qig, 944856
6qno, 924009
6qno, 924012
6qpg, 944873
6quz, 912711
6qv0, 912711
6qv1, 912712
6qv2, 912710
6qx3, 944873
6qx4, 933586
6qx4, 933587
6qxe, 944873
6r0x, 947126
6r2l, 1074628
6r2s, 914331
6r8x, 910669
6raf, 918335
6rag, 918335
6rah, 918335
6rai, 918335
6raj, 918335
6rak, 918335
6ral, 918335
6ram, 918335
6ran, 918335
6rcu, 924004
6rcu, 924007
6rcv, 924004
6rcv, 924005
6rnk, 952645
6rp9, 59283
6rpa, 59283
6rpb, |59283
6rpb, 59283
6rsy, 54882
6rtw, 952478
6rty, 952478
6ru5, 945989
6ruv, 1391996
6rvc, 952479
6s0y, 59318
6s3d, 1074711
6s3t, 1068712
6s5a, 947125
6s8d, 985426
6s8i, 985426
6s8j, 985426
6sc5, 969094
6sc6, 969094
6sc7, 969094
6sc8, 969094
6sc9, 969094
6sge, 952477
6snc, 955156
6snd, 955156
6sne, 955156
6ss2, 1539324
6ss4, 1539323
6ss7, 738181
6ss8, 1087232
6ss9, 1087233
6ssa, 1087234
6ssi, 969175
6ssp, 969176
6suz, 1309091
6sv2, 1309091
6svl, 956486
6swr, 1068711
6sxi, 1335965
6t3f, 956487
6t3j, 1311112
6t3j, 1311113
6tko, 1394193
6tmo, 10987
6tnp, 1314760
6tou, 985428
6trn, 1091303
6tro, 95091
6txz, 1074719
6tyb, 947124
6tyl, 997001
6tyl, 997002
6tyl, 997003
6tys, 953020
6u02, 957014
6u0l, 969093
6u0n, 969093
6u12, 969171
6u1n, 1063109
6u2f, 1065881
6u36, 952754
6u38, 952754
6u3i, 1065881
6u3m, 985618
6u3n, 985618
6u3o, 985596
6u51, 956483
6u51, 956484
6u52, 956483
6u52, 956484
6u54, 956482
6u55, 956488
6u59, 993039
6u6u, 1087435
6u8d, 956475
6u8k, 956475
6u9s, 1075910
6ubi, 780270
6uc5, 45409
6uc6, 993727
6uce, 780270
6ucf, 780270
6uda, 956489
6udj, 996997
6udj, 997007
6udk, 996996
6udk, 996997
6uft, 993726
6ug7, 158545
6ug8, 158545
6ug9, 158545
6uht, 993724
6ui1, 993733
6ui1, 993734
6ui1, 993735
6uig, 1310234
6ujb, 1392012
6ujc, 1392011
6ujo, 1087593
6ujq, 1087594
6uk2, 1087594
6uk4, 1087593
6ukj, 956773
6ukt, 997001
6ukt, 997002
6ukt, 997003
6ukt, 997005
6ul4, 993725
6ul6, 993734
6ulc, 1066041
6ule, 45414
6ulf, 43256
6uli, 1141714
6ulk, 1141716
6uln, 1141714
6ulr, 1141714
6um5, 969172
6um6, 969174
6um7, 969173
6umg, 1181326
6umx, 1063110
6uoe, 1308563
6uon, 1141716
6uqr, 1075917
6ur5, 1075134
6urh, 985698
6urm, 1310984
6usf, 1066521
6uta, 1066519
6ute, 1066518
6utk, 1310035
6utk, 1310039
6uud, 1308532
6uun, 1074334
6uus, 1074334
6uva, 1074334
6uvo, 957010
6uyd, 1074823
6uye, 985702
6uyf, 1074821
6uyg, 1074820
6uyg, 1074822
6uym, 1074823
6uz1, 37257
6v0y, 743175
6v13, 743176
6v15, 743175
6v18, 743176
6v19, 743175
6v1a, 743176
6v2o, 594371
6v2p, 594371
6v2q, 98894
6v3j, 98894
6v4n, 1311118
6v4o, 1311117
6v4p, 969180
6v6w, 1310035
6v6w, 1310039
6v8x, 1087434
6v8z, 1087432
6v8z, 1087433
6vbo, 990215
6vbp, 990215
6vbq, 990215
6vc9, 1392549
6vca, 1392548
6vep, 1074818
6veq, 1074818
6vgr, 1075138
6vi1, 1309526
6vi4, 997004
6vja, 996995
6vjt, 1310143
6vln, 1335699
6vm7, 28864
6vm8, 27469
6vm9, 27469
6vma, 28864
6vmc, 1336938
6vmc, 27008
6vmx, 55252
6vn1, 1309346
6vo0, 1087816
6vo3, 1311952
6vpx, 1075916
6vpx, 1075918
6vqo, 1125066
6vr1, 1125068
6vr5, 1125066
6vrh, 1312079
6vrk, 1312079
6vrl, 1312079
6vrm, 1125066
6vrn, 1125066
6vtt, 1066529
6vtw, 1074377
6vy2, 1074325
6vy4, 1330677
6vy5, 1330674
6vy6, 1330676
6vyh, 1334514
6vyv, 1310233
6w00, 45407
6w05, 45407
6w09, 1310235
6w0a, 1397517
6w0b, 1397517
6w0c, 1397517
6w0d, 1397517
6w0e, 1397517
6w0f, 1397517
6w0g, 1397517
6w0h, 1397517
6w0i, 1397517
6w0j, 1397517
6w1c, 1310240
6w2b, 1312079
6w2c, 1312079
6w41, 997006
6w4s, 1309344
6w51, 1125066
6w51, 1391776
6w52, 1314100
6w7s, 1309348
6w9u, 238048
6waq, 1068708
6war, 1068710
6wbv, 1309344
6wds, 1309095
6wdt, 1309096
6weq, 1338203
6wer, 1338202
6wex, 1338224
6wez, 1338205
6wf0, 1338204
6wf1, 1338223
6wfw, 45407
6wfx, 45407
6wfy, 45411
6wfz, 45410
6wg0, 45410
6wg1, 45415
6wg2, 45411
6wgl, 1310036
6wh9, 1309349
6wha, 1391804
6whc, 1307797
6wik, 1334514
6wio, 1310034
6wir, 1310034
6wix, 1391801
6wix, 1391803
6wiz, 1312080
6wj1, 1312081
6wl2, 54039
6wl3, 54027
6wl4, 54039
6wmw, 1087436
6wmw, 1087437
6wn4, 1154109
6wo3, 1307794
6wo4, 1307793
6wo5, 1307790
6wo5, 1307791
6woq, 1307791
6woq, 1307792
6wps, 1310987
6wpt, 1310987
6wth, 1125014
6wth, 1125017
6ww2, 1310986
6ww2, 1310990
6wzj, 1334496
6wzk, 1334497
6wzl, 1334495
6wzm, 1334492
6wzt, 1338792
6wzy, 58163
6x00, 921587
6x06, 1330673
6x07, 1330678
6x08, 1330672
6x1s, 1368916
6x1t, 1368916
6x1u, 1348289
6x1v, 1348289
6x1w, 1348289
6x3s, 1309628
6x3t, 1309628
6x3u, 1309628
6x3v, 1309628
6x3w, 1309628
6x3x, 1309628
6x3z, 1309628
6x40, 1309628
6x4g, 1311948
6x4t, 1311948
6x4t, 1311949
6x9r, 1329046
6x9s, 1329046
6x9t, 1329046
6x9u, 1329046
6x9v, 1329046
6xbj, 1310241
6xbk, 1310241
6xbl, 1310241
6xbm, 1310241
6xc2, 1087266
6xc3, 1087266
6xc3, 1087269
6xc4, 1087267
6xc7, 1087267
6xc7, 1087269
6xcm, 1075913
6xcn, 1075913
6xdg, 1310238
6xdg, 1310239
6xe1, 1311250
6xey, 1181325
6xgc, 1338794
6xkp, 1310989
6xkq, 1310988
6xkr, 1391799
6xlq, 1309343
6xmi, 1309526
6xob, 1334528
6xqp, 226915
6xr0, 1338767
6xw4, 1074335
6xw5, 1074333
6xw6, 1074322
6xw7, 1074332
6xxv, 1074359
6xzw, 1311535
6y1l, 566944
6y1m, 566944
6y1n, 226914
6y49, 566944
6y54, 1330670
6y90, 1309341
6y92, 1309342
6y97, 1309350
6y9a, 1309350
6y9b, 1087187
6yla, 1087186
6ym0, 1087186
6yor, 1087186
6yu8, 1397078
6yz5, 1309149
6z06, 1329044
6z1v, 1310237
6z20, 1310236
6z2l, 1391802
6z2m, 1309149
6z2m, 1309150
6z3p, 1311270
6z3q, 1311271
6z43, 1309149
6z7w, 1329050
6z7y, 1329049
6z7z, 1329048
6zcz, 1307795
6zcz, 1307796
6zdg, 1307796
6zdh, 1307796
6zer, 1307796
6zfo, 1307796
6zg3, 1347696
6zhd, 1309148
6zrv, 1311241
6zvf, 1387003
6zxn, 1309094
7a25, 1329039
7a29, 1329039
7a5r, 1311242
7a5s, 1311242
7a65, 1311610
7a69, 1311610
7a6c, 1311610
7a6e, 1311610
7a6f, 1311610
7a6o, 1561284
7akd, 1393662
7akj, 1393663
7aqg, 1338768
7aqg, 1338769
7b09, 1329044
7b17, 1338218
7b27, 1393661
7beh, 1346827
7bei, 1346822
7bej, 1346821
7bek, 1346821
7bel, 1346824
7bel, 1346826
7bem, 1346823
7ben, 1346816
7ben, 1346819
7beo, 1346817
7beo, 1346819
7bep, 1346815
7bep, 1346818
7bsc, 1346709
7bsd, 1346710
7bts, 1398142
7bu6, 1398142
7bu7, 1398142
7bu8, 1074331
7bua, 1074331
7bub, 1074336
7bud, 1074336
7bwj, 1075135
7byr, 1087140
7bz2, 1087817
7bz2, 1087819
7bz5, 1075136
7c01, 1083498
7c2l, 1087268
7c2t, 1083497
7c61, 1314081
7c6a, 1314081
7c80, 1309631
7c81, 1309629
7c88, 1377256
7c94, 1309308
7cah, 1311251
7cai, 1311251
7cak, 1311251
7cbp, 1087823
7cdi, 1334440
7cdj, 1334441
7ce2, 1392543
7cgw, 1346798
7ch4, 1311248
7ch5, 1311246
7chb, 1311247
7chc, 1311244
7chc, 1311246
7che, 1311244
7che, 1311247
7chf, 1311244
7chf, 1311248
7chh, 1311244
7cjf, 1392553
7cm4, 1335943
7cmk, 1309629
7cn2, 1311272
7cr5, 1392584
7cwl, 1334436
7cwm, 1334436
7cwn, 1334436
7cwn, 1334437
7cwo, 1334436
7cws, 1334442
7cws, 1334443
7cwu, 1334438
7cwu, 1334442
7czp, 1347688
7czq, 1347686
7czr, 1347691
7czs, 1347691
7czt, 1347690
7czu, 1347687
7czv, 1347687
7czw, 1347689
7czx, 1347685
7czy, 1347695
7czz, 1347695
7d00, 1347691
7d03, 1347689
7d0b, 1347693
7d0c, 1347692
7d0d, 1347693
7d2z, 1338773
7d30, 1338772
7d3k, 1392575
7d3l, 1392576
7d3m, 1392585
7d3r, 1392586
7d85, 1392546
7dc6, 1393948
7dcc, 1335411
7dcx, 1335411
7dd2, 1335411
7dd8, 1335411
7deo, 1397554
7det, 1397555
7deu, 1397553
7dk0, 1556269
7dk4, 1335407
7dk5, 1335407
7dk6, 1335407
7dpm, 1556270
7dq7, 1377257
7dr4, 1392547
7dss, 1338980
7dst, 1338981
7dwu, 1346691
7dzx, 1406413
7dzy, 1406411
7e23, 1392555
7e32, 1391967
7e33, 1391967
7e7x, 1397527
7e7y, 1397518
7e86, 1397524
7e88, 1397526
7e8c, 1397522
7e8c, 1397523
7e8c, 1397525
7e8f, 1397522
7e8f, 1397523
7e8f, 1397525
7eaj, 1406420
7eak, 1406420
7eh5, 1594763
7eh5, 1594764
7eow, 1397552
7jgj, 1314096
7jhj, 1406419
7ji2, 236125
7jic, 1346692
7jmo, 1310038
7jmp, 1310037
7jmw, 1338222
7jn5, 1330405
7joo, 1311950
7joo, 1311951
7jr7, 1397474
7jr7, 1397486
7jti, 1311268
7jum, 1391785
7jv2, 1311243
7jv4, 1311243
7jv6, 1311243
7jva, 1311253
7jvb, 1329040
7jvc, 1311253
7jvd, 149553
7jw0, 1311252
7jwb, 1311300
7jwp, 1380941
7jwq, 1384377
7jx3, 1311245
7jx3, 1311249
7jx3, 1311252
7k43, 1311119
7k45, 1311114
7k4n, 1311114
7k7y, 1310982
7k84, 1310983
7k8m, 1314088
7k8s, 1314102
7k8u, 1314098
7k8v, 1314090
7k8w, 1314099
7k8x, 1314103
7k8y, 1314103
7k8z, 1314091
7k90, 1314104
7k93, 1338202
7kbi, 1539327
7kbk, 1539328
7kbt, 1397516
7kc1, 1397487
7kc9, 1539330
7kcr, 1334444
7kd0, 1539329
7kd2, 1539332
7kdd, 1391980
7kde, 1329038
7kde, 1329047
7kdm, 1539330
7kdu, 1539331
7kej, 1394191
7kew, 1394187
7kex, 1394189
7kf9, 1394188
7kfb, 1394192
7kfe, 1394186
7kfh, 1394190
7kfv, 1335958
7kfw, 1335957
7kfx, 1335960
7kfy, 1335959
7kgj, 1335961
7kgk, 1335956
7kgo, 27182
7kgp, 21347
7kgq, 37473
7kgr, 38881
7kgs, 2802
7kgt, 1330575
7khf, 1406416
7ki4, 1392013
7ki6, 1392010
7kjh, 1335964
7kji, 1335963
7kkk, 1314097
7kkl, 1314101
7klg, 1335410
7klh, 1335409
7klw, 1335961
7klw, 1335962
7kmg, 1338215
7kmh, 1338212
7kmi, 1338213
7kmk, 1335409
7kml, 1335409
7kn5, 1338217
7kn5, 1338220
7kn6, 1338216
7kn6, 1338219
7kn7, 1338216
7kn7, 1338221
7kpg, 1393640
7kq7, 1347900
7kqb, 1397235
7kqe, 1397230
7kqg, 1329037
7kqh, 1329043
7kqi, 1329041
7kra, 1334498
7ks9, 1335408
7ksg, 1338217
7ktx, 1334498
7kxj, 1335409
7kxk, 1335409
7kyl, 1393642
7kyo, 1596869
7kzb, 1397232
7kzb, 1397233
7l1u, 1338793
7l1v, 1338791
7l1v, 1338793
7l2c, 1347915
7l2d, 1347914
7l2e, 1347910
7l2f, 1347911
7l56, 1391796
7l57, 1391788
7l58, 1391796
7l5b, 1391788
7laa, 1346810
7lab, 1346802
7lbe, 1406417
7lbe, 1406418
7lbf, 1406417
7lbf, 1406418
7lbg, 1406417
7lbg, 1406418
7lcn, 1346803
7ld1, 1346809
7ldj, 1392554
7lgd, 60242
7lgt, 1311214
7ljr, 1346808
7lm8, 1346701
7lm8, 1346704
7lm9, 1346690
7lop, 1338779
7lop, 1338790
7lqv, 1347913
7lqw, 1347912
7lrs, 1539322
7lrt, 1539322
7ls9, 1338777
7lss, 1338776
7lvw, 1394195
7lx5, 1392551
7lx5, 1392554
7lxw, 1346805
7lxx, 1346806
7lxy, 1346805
7lxy, 1346830
7lxz, 1346806
7lxz, 1346830
7ly0, 1346807
7ly2, 1346807
7ly2, 1346830
7ly3, 1346807
7m3i, 1392550
7m3l, 1543583
7m3n, 1543583
7m42, 1556268
7m42, 1556271
7m51, 1397123
7m52, 1397121
7m53, 1397122
7m55, 1397126
7m6d, 1392578
7m6d, 1392580
7m6e, 1392587
7m6f, 1392579
7m6g, 1392577
7m6h, 1392589
7m6i, 1392588
7m71, 1397235
7m7b, 1397230
7m7w, 1391791
7m7w, 1391795
7m8j, 1391793
7mdw, 1595413
7mdw, 1595414
7me7, 1595410
7me7, 1595413
7mej, 1595412
7mej, 1595414
7mem, 1539317
7mf1, 1392552
7mjh, 1397484
7mji, 1397484
7mjj, 1397483
7mjk, 1397483
7mjl, 1397483
7mkl, 1397480
7mkm, 1397480
7mlx, 233122
7mlz, 1539320
7mm0, 1539320
7mmn, 1596871
7mmo, 1397231
7mpg, 1596871
7mxl, 1543580
7mxl, 1543581
7mxl, 1543582
7my2, 1397528
7my3, 1397531
7n01, 1543585
7n0i, 1397488
7n0r, 1397476
7n0u, 1543582
7n0v, 1543580
7n62, 1539326
7n64, 1539325
7n6d, 1309147
7n6e, 1309147
7n8h, 1596866
7n8h, 1596870
7n8i, 1596866
7n9b, 1595414
7n9c, 1595411
7n9e, 1595413
7n9t, 1595410
7nd3, 1346825
7nd4, 1346824
7nd5, 1346822
7nd6, 1346821
7nd7, 1346827
7nd8, 1346815
7nd9, 1346817
7nda, 1346817
7ndb, 1346828
7ndc, 1346820
7ndd, 1346820
7neq, 1392014
7nez, 1392014
7nfd, 1392014
7nkt, 1393658
7ntc, 1392002
7nx6, 1391789
7nx6, 1391790
7nx7, 1391789
7nx7, 1391790
7nx8, 1391789
7nx8, 1391790
7nx9, 1391789
7nx9, 1391790
7nxa, 1391789
7nxa, 1391790
7nxb, 1391789
7nxb, 1391790
7olz, 1561285
7olz, 1561286
7r6w, 1594756
7r6w, 1594759
7r6x, 1594755
7r6x, 1594756
7r6x, 1594760
7r7n, 1594758
7r98, 1397475
7ra8, 1391795
7ral, 1391795
7rnj, 1595221
